Date,y_Open,y_High,y_Low,y_Close,y_Vix,y_Dow,y_Tech,Close,Volume
03-01-2017,2251.610107,2253.580078,2233.620117,2238.830078,14.04,19762.59961,4863.620117,2257.830078,3770530000
04-01-2017,2251.570068,2263.879883,2245.129883,2257.830078,12.85,19881.75977,4911.330078,2270.75,3764890000
05-01-2017,2261.600098,2272.820068,2261.600098,2270.75,11.85,19942.16016,4937.209961,2269,3761820000
06-01-2017,2268.179932,2271.5,2260.449951,2269,11.67,19899.28906,4964.950195,2276.97998,3339890000
09-01-2017,2271.139893,2282.100098,2264.060059,2276.97998,11.32,19963.80078,5007.080078,2268.899902,3217610000
10-01-2017,2273.590088,2275.48999,2268.899902,2268.899902,11.56,19887.38086,5024.899902,2268.899902,3638790000
11-01-2017,2269.719971,2279.27002,2265.27002,2268.899902,11.49,19855.5293,5035.169922,2275.320068,3620410000
12-01-2017,2268.600098,2275.320068,2260.830078,2275.320068,11.26,19954.2793,5050.209961,2270.439941,3462130000
13-01-2017,2271.139893,2271.780029,2254.25,2270.439941,11.54,19891,5041.430176,2274.639893,3081270000
17-01-2017,2272.73999,2278.679932,2271.51001,2274.639893,11.23,19885.73047,5059.509766,2267.889893,3584990000
18-01-2017,2269.139893,2272.080078,2262.810059,2267.889893,11.87,19826.76953,5044.649902,2271.889893,3315250000
19-01-2017,2269.139893,2272.01001,2263.350098,2271.889893,12.48,19804.7207,5055.850098,2263.689941,3165970000
20-01-2017,2271.899902,2274.330078,2258.409912,2263.689941,12.78,19732.40039,5051.169922,2271.310059,3524970000
23-01-2017,2269.959961,2276.959961,2265.01001,2271.310059,11.54,19827.25,5063.200195,2265.199951,3152710000
24-01-2017,2267.780029,2271.780029,2257.02002,2265.199951,11.77,19799.84961,5065.700195,2280.070068,3810960000
25-01-2017,2267.879883,2284.629883,2266.679932,2280.070068,11.07,19912.71094,5101.060059,2298.370117,3846020000
26-01-2017,2288.879883,2299.550049,2288.879883,2298.370117,10.81,20068.50977,5151.470215,2296.679932,3610360000
27-01-2017,2298.629883,2300.98999,2294.080078,2296.679932,10.63,20100.91016,5156.919922,2294.689941,3135890000
30-01-2017,2299.02002,2299.02002,2291.620117,2294.689941,10.58,20093.7793,5168.060059,2280.899902,3591270000
31-01-2017,2286.01001,2286.01001,2268.040039,2280.899902,11.88,19971.13086,5129.330078,2278.870117,4087450000
01-02-2017,2274.02002,2279.090088,2267.209961,2278.870117,11.99,19864.08984,5116.77002,2279.550049,3916610000
02-02-2017,2285.590088,2289.139893,2272.439941,2279.550049,11.81,19890.93945,5152.689941,2280.850098,3807710000
03-02-2017,2276.689941,2283.969971,2271.649902,2280.850098,11.93,19884.91016,5147.700195,2297.419922,3597970000
06-02-2017,2288.540039,2298.310059,2287.879883,2297.419922,10.97,20071.46094,5161.600098,2292.560059,3109050000
07-02-2017,2294.280029,2296.179932,2288.570068,2292.560059,11.37,20052.41992,5167.959961,2293.080078,3448690000
08-02-2017,2295.870117,2299.399902,2290.159912,2293.080078,11.29,20090.28906,5185.879883,2294.669922,3609740000
09-02-2017,2289.550049,2295.909912,2285.379883,2294.669922,11.45,20054.33984,5196.580078,2307.870117,3677940000
10-02-2017,2296.699951,2311.080078,2296.610107,2307.870117,10.88,20172.40039,5212.160156,2316.100098,3475020000
13-02-2017,2312.27002,2319.22998,2311.100098,2316.100098,10.85,20269.36914,5226.689941,2328.25,3349730000
14-02-2017,2321.719971,2331.580078,2321.419922,2328.25,11.07,20412.16016,5256.819824,2337.580078,3520910000
15-02-2017,2326.120117,2337.580078,2322.169922,2337.580078,10.74,20504.41016,5271.069824,2349.25,3775590000
16-02-2017,2335.580078,2351.300049,2334.810059,2349.25,11.97,20611.85938,5302.390137,2347.219971,3672370000
17-02-2017,2349.639893,2351.310059,2338.870117,2347.219971,11.76,20619.76953,5300.640137,2351.159912,3513060000
21-02-2017,2343.01001,2351.159912,2339.580078,2351.159912,11.49,20624.05078,5324.720215,2365.379883,3579780000
22-02-2017,2354.909912,2366.709961,2354.909912,2365.379883,11.57,20743,5350.72998,2362.820068,3468670000
23-02-2017,2361.110107,2365.129883,2358.340088,2362.820068,11.74,20775.59961,5352.129883,2363.810059,4015260000
24-02-2017,2367.5,2368.26001,2355.090088,2363.810059,11.71,20810.32031,5332.370117,2367.340088,3831570000
27-02-2017,2355.72998,2367.340088,2352.870117,2367.340088,11.47,20821.75977,5343.310059,2369.75,3582610000
28-02-2017,2365.22998,2371.540039,2361.870117,2369.75,12.09,20837.43945,5347.549805,2363.639893,4210140000
01-03-2017,2366.080078,2367.790039,2358.959961,2363.639893,12.92,20812.24023,5330.310059,2395.959961,4345180000
02-03-2017,2380.129883,2400.97998,2380.129883,2395.959961,12.54,21115.55078,5390.990234,2381.919922,3821320000
03-03-2017,2394.75,2394.75,2380.169922,2381.919922,11.81,21002.9707,5363.259766,2383.120117,3555260000
06-03-2017,2380.919922,2383.889893,2375.389893,2383.120117,10.96,21005.71094,5373.47998,2375.310059,3232700000
07-03-2017,2375.22998,2378.800049,2367.97998,2375.310059,11.24,20954.33984,5360.310059,2368.389893,3518390000
08-03-2017,2370.73999,2375.120117,2365.51001,2368.389893,11.45,20924.75977,5351.279785,2362.97998,3812100000
09-03-2017,2369.810059,2373.090088,2361.01001,2362.97998,11.86,20855.73047,5359.810059,2364.870117,3716340000
10-03-2017,2363.48999,2369.080078,2354.540039,2364.870117,12.3,20858.18945,5363.97998,2372.600098,3432950000
13-03-2017,2372.52002,2376.860107,2363.040039,2372.600098,11.66,20902.98047,5385.899902,2373.469971,3133900000
14-03-2017,2371.560059,2374.419922,2368.52002,2373.469971,11.35,20881.48047,5394.569824,2365.449951,3172630000
15-03-2017,2368.550049,2368.550049,2358.179932,2365.449951,12.3,20837.36914,5382.169922,2385.26001,3906840000
16-03-2017,2370.340088,2390.01001,2368.939941,2385.26001,11.63,20950.09961,5416.25,2381.379883,3365660000
17-03-2017,2387.709961,2388.100098,2377.179932,2381.379883,11.21,20934.55078,5412.080078,2378.25,5178040000
20-03-2017,2383.709961,2385.709961,2377.639893,2378.25,11.28,20914.61914,5408.759766,2373.469971,3054930000
21-03-2017,2378.23999,2379.550049,2369.659912,2373.469971,11.34,20905.85938,5413.310059,2344.02002,4265590000
22-03-2017,2379.320068,2381.929932,2341.899902,2344.02002,12.47,20668.00977,5332.529785,2348.449951,3572730000
23-03-2017,2343,2351.810059,2336.449951,2348.449951,12.81,20661.30078,5367.549805,2345.959961,3260600000
24-03-2017,2345.969971,2358.919922,2342.129883,2345.959961,13.12,20656.58008,5355.140137,2343.97998,2975130000
27-03-2017,2350.419922,2356.219971,2335.73999,2343.97998,12.96,20596.7207,5364,2341.590088,3240230000
28-03-2017,2329.110107,2344.899902,2322.25,2341.590088,12.5,20550.98047,5374.27002,2358.570068,3367780000
29-03-2017,2339.790039,2363.780029,2337.629883,2358.570068,11.53,20701.5,5407.209961,2361.129883,3106940000
30-03-2017,2356.540039,2363.360107,2352.939941,2361.129883,11.42,20659.32031,5430.27002,2368.060059,3158420000
31-03-2017,2361.310059,2370.419922,2358.580078,2368.060059,11.54,20728.49023,5439.740234,2362.719971,3354110000
03-04-2017,2364.820068,2370.350098,2362.600098,2362.719971,12.37,20663.2207,5436.22998,2358.840088,3416400000
04-04-2017,2362.340088,2365.870117,2344.72998,2358.840088,12.38,20650.21094,5432.200195,2360.159912,3206240000
05-04-2017,2354.76001,2360.530029,2350.719971,2360.159912,11.79,20689.24023,5440.410156,2352.949951,3770520000
06-04-2017,2366.590088,2378.360107,2350.52002,2352.949951,12.89,20648.15039,5418.52002,2357.48999,3201920000
07-04-2017,2353.790039,2364.159912,2348.899902,2357.48999,12.39,20662.94922,5420.879883,2355.540039,3053150000
10-04-2017,2356.590088,2363.76001,2350.73999,2355.540039,12.87,20656.09961,5418.370117,2357.159912,2785410000
11-04-2017,2357.159912,2366.370117,2351.5,2357.159912,14.05,20658.01953,5421.680176,2353.780029,3117420000
12-04-2017,2353.919922,2355.219971,2337.25,2353.780029,15.07,20651.30078,5398.399902,2344.929932,3196950000
13-04-2017,2352.149902,2352.719971,2341.179932,2344.929932,15.77,20591.85938,5377.029785,2328.949951,3143890000
17-04-2017,2341.97998,2348.26001,2328.949951,2328.949951,15.96,20453.25,5353.589844,2349.01001,2824710000
18-04-2017,2332.620117,2349.139893,2332.51001,2349.01001,14.66,20636.91992,5399.200195,2342.189941,3269840000
19-04-2017,2342.530029,2348.350098,2334.540039,2342.189941,14.42,20523.2793,5391.660156,2338.169922,3519900000
20-04-2017,2346.790039,2352.629883,2335.050049,2338.169922,14.93,20404.49023,5399.640137,2355.840088,3647420000
21-04-2017,2342.689941,2361.370117,2340.909912,2355.840088,14.15,20578.71094,5443.529785,2348.689941,3503360000
24-04-2017,2354.73999,2356.179932,2344.51001,2348.689941,14.63,20547.75977,5442.049805,2374.149902,3690650000
25-04-2017,2370.330078,2376.97998,2369.189941,2374.149902,10.84,20763.89063,5508.029785,2388.610107,3995240000
26-04-2017,2381.51001,2392.47998,2381.149902,2388.610107,10.76,20996.11914,5548.189941,2387.449951,4105920000
27-04-2017,2388.97998,2398.159912,2386.780029,2387.449951,10.85,20975.08984,5541.089844,2388.77002,4098460000
28-04-2017,2389.699951,2392.100098,2382.679932,2388.77002,10.36,20981.33008,5571.279785,2384.199951,3718270000
01-05-2017,2393.679932,2393.679932,2382.360107,2384.199951,10.82,20940.50977,5583.529785,2388.330078,3199240000
02-05-2017,2388.5,2394.48999,2384.830078,2388.330078,10.11,20913.46094,5629.629883,2391.169922,3813680000
03-05-2017,2391.050049,2392.929932,2385.820068,2391.169922,10.59,20949.89063,5644.069824,2388.129883,3893990000
04-05-2017,2386.5,2389.820068,2379.75,2388.129883,10.68,20957.90039,5625.160156,2389.52002,4362540000
05-05-2017,2389.790039,2391.429932,2380.350098,2389.52002,10.46,20951.4707,5626.319824,2399.290039,3540140000
08-05-2017,2392.370117,2399.290039,2389.379883,2399.290039,10.57,21006.93945,5646.089844,2399.379883,3429440000
09-05-2017,2399.939941,2401.360107,2393.919922,2399.379883,9.77,21012.2793,5659.069824,2396.919922,3653590000
10-05-2017,2401.580078,2403.870117,2392.439941,2396.919922,9.96,20975.7793,5678.310059,2399.629883,3643530000
11-05-2017,2396.790039,2399.73999,2392.790039,2399.629883,10.21,20943.10938,5681.680176,2394.439941,3727420000
12-05-2017,2394.840088,2395.719971,2381.73999,2394.439941,10.6,20919.41992,5674.220215,2390.899902,3305630000
15-05-2017,2392.439941,2392.439941,2387.189941,2390.899902,10.4,20896.60938,5686.810059,2402.320068,3473600000
16-05-2017,2393.97998,2404.050049,2393.939941,2402.320068,10.42,20981.93945,5704.47998,2400.669922,3420790000
17-05-2017,2404.550049,2405.77002,2396.050049,2400.669922,10.65,20979.75,5724.439941,2357.030029,4163000000
18-05-2017,2382.949951,2384.870117,2356.209961,2357.030029,15.59,20606.92969,5580.549805,2365.719971,4319420000
19-05-2017,2354.689941,2375.73999,2352.719971,2365.719971,14.66,20663.01953,5626.310059,2381.72998,3825160000
22-05-2017,2371.370117,2389.060059,2370.429932,2381.72998,12.04,20804.83984,5651.560059,2394.02002,3172830000
23-05-2017,2387.209961,2395.459961,2386.919922,2394.02002,10.93,20894.83008,5699.399902,2398.419922,3213570000
24-05-2017,2397.040039,2400.850098,2393.879883,2398.419922,10.72,20937.91016,5703.350098,2404.389893,3389900000
25-05-2017,2401.409912,2405.580078,2397.98999,2404.389893,10.02,21012.41992,5730.299805,2415.070068,3535390000
26-05-2017,2409.540039,2418.709961,2408.01001,2415.070068,9.99,21082.94922,5778.370117,2415.820068,2805040000
30-05-2017,2414.5,2416.679932,2412.199951,2415.820068,9.81,21080.2793,5788.359863,2412.909912,3203160000
31-05-2017,2411.669922,2415.26001,2409.429932,2412.909912,10.38,21029.4707,5794.629883,2411.800049,4516110000
01-06-2017,2415.629883,2415.98999,2403.590088,2411.800049,10.41,21008.65039,5788.799805,2430.060059,3857140000
02-06-2017,2415.649902,2430.060059,2413.540039,2430.060059,9.89,21144.17969,5816.509766,2439.070068,3461680000
05-06-2017,2431.280029,2440.22998,2427.709961,2439.070068,9.75,21206.28906,5881.459961,2436.100098,2912600000
06-06-2017,2437.830078,2439.550049,2434.320068,2436.100098,10.07,21184.03906,5878.120117,2429.330078,3357840000
07-06-2017,2431.919922,2436.209961,2428.120117,2429.330078,10.45,21136.23047,5856.77002,2433.139893,3572300000
08-06-2017,2432.030029,2435.280029,2424.75,2433.139893,10.39,21173.68945,5877.589844,2433.790039,3728860000
09-06-2017,2434.27002,2439.27002,2427.939941,2433.790039,10.16,21182.5293,5885.299805,2431.77002,4027340000
12-06-2017,2436.389893,2446.199951,2415.699951,2431.77002,10.7,21271.9707,5741.939941,2429.389893,4027750000
13-06-2017,2425.879883,2430.379883,2419.969971,2429.389893,11.46,21235.66992,5708.180176,2440.350098,3275500000
14-06-2017,2434.149902,2441.48999,2431.280029,2440.350098,10.42,21328.4707,5751.819824,2437.919922,3555590000
15-06-2017,2443.75,2443.75,2428.340088,2437.919922,10.64,21374.56055,5727.069824,2432.459961,3353050000
16-06-2017,2424.139893,2433.949951,2418.530029,2432.459961,10.9,21359.90039,5700.890137,2433.149902,5284720000
19-06-2017,2431.23999,2433.149902,2422.879883,2433.149902,10.38,21384.2793,5681.47998,2453.459961,3264700000
20-06-2017,2442.550049,2453.820068,2441.790039,2453.459961,10.37,21528.99023,5772.220215,2437.030029,3416510000
21-06-2017,2450.659912,2450.659912,2436.600098,2437.030029,10.86,21467.14063,5726.310059,2435.610107,3594820000
22-06-2017,2439.310059,2442.22998,2430.73999,2435.610107,10.75,21410.0293,5782.390137,2434.5,3468210000
23-06-2017,2437.399902,2441.620117,2433.27002,2434.5,10.48,21397.28906,5779.870117,2438.300049,5278330000
26-06-2017,2434.649902,2441.399902,2431.110107,2438.300049,10.02,21394.75977,5803.109863,2439.070068,3238970000
27-06-2017,2443.320068,2450.419922,2437.030029,2439.070068,9.9,21409.55078,5777.589844,2419.379883,3563910000
28-06-2017,2436.340088,2440.149902,2419.379883,2419.379883,11.06,21310.66016,5671.600098,2440.689941,3500800000
29-06-2017,2428.699951,2442.969971,2428.02002,2440.689941,10.03,21454.60938,5753.029785,2419.699951,3900280000
30-06-2017,2442.379883,2442.72998,2405.699951,2419.699951,11.44,21287.0293,5653.02002,2423.409912,3361590000
03-07-2017,2429.199951,2432.709961,2421.649902,2423.409912,11.18,21349.63086,5646.919922,2429.01001,1962290000
05-07-2017,2431.389893,2439.169922,2428.689941,2429.01001,11.22,21479.26953,5596.959961,2432.540039,3367220000
06-07-2017,2430.780029,2434.899902,2422.050049,2432.540039,11.07,21478.16992,5648.819824,2409.75,3364520000
07-07-2017,2423.439941,2424.280029,2407.699951,2409.75,12.54,21320.03906,5597.899902,2425.179932,2901330000
10-07-2017,2413.52002,2426.919922,2413.52002,2425.179932,11.19,21414.33984,5656.470215,2427.429932,2999130000
11-07-2017,2424.51001,2432,2422.27002,2427.429932,11.11,21408.51953,5694.149902,2425.530029,3106750000
12-07-2017,2427.350098,2429.300049,2412.790039,2425.530029,10.89,21409.07031,5709.799805,2443.25,3171620000
13-07-2017,2435.75,2445.76001,2435.75,2443.25,10.3,21532.14063,5778.950195,2447.830078,3067670000
14-07-2017,2444.98999,2449.320068,2441.689941,2447.830078,9.9,21553.08984,5793.359863,2459.27002,2736640000
17-07-2017,2449.159912,2463.540039,2446.689941,2459.27002,9.51,21637.74023,5838.080078,2459.139893,2793170000
18-07-2017,2459.5,2462.820068,2457.159912,2459.139893,9.82,21629.7207,5839.740234,2460.610107,2962130000
19-07-2017,2455.879883,2460.919922,2450.340088,2460.610107,9.89,21574.73047,5880.100098,2473.830078,3059760000
20-07-2017,2463.850098,2473.830078,2463.850098,2473.830078,9.79,21640.75,5916.160156,2473.449951,3182780000
21-07-2017,2475.560059,2477.620117,2468.429932,2473.449951,9.58,21611.7793,5921.220215,2472.540039,3059570000
24-07-2017,2467.399902,2472.540039,2465.060059,2472.540039,9.36,21580.07031,5921.529785,2469.909912,3010240000
25-07-2017,2472.040039,2473.100098,2466.320068,2469.909912,9.43,21513.16992,5941.370117,2477.129883,4108060000
26-07-2017,2477.879883,2481.23999,2474.909912,2477.129883,9.43,21613.42969,5930.649902,2477.830078,3557020000
27-07-2017,2479.969971,2481.689941,2474.939941,2477.830078,9.6,21711.00977,5950.72998,2475.419922,3995520000
28-07-2017,2482.76001,2484.040039,2459.929932,2475.419922,10.11,21796.55078,5917.029785,2472.100098,3294770000
31-07-2017,2469.120117,2473.530029,2464.659912,2472.100098,10.29,21830.31055,5908.919922,2470.300049,3469210000
01-08-2017,2475.939941,2477.959961,2468.530029,2470.300049,10.26,21891.11914,5880.330078,2476.350098,3460860000
02-08-2017,2477.100098,2478.51001,2471.139893,2476.350098,10.09,21963.91992,5895.169922,2477.570068,3478580000
03-08-2017,2480.379883,2480.379883,2466.47998,2477.570068,10.28,22016.24023,5914.22998,2472.159912,3645020000
04-08-2017,2476.030029,2476.030029,2468.850098,2472.159912,10.44,22026.09961,5891.200195,2476.830078,3235140000
07-08-2017,2476.879883,2480,2472.080078,2476.830078,10.03,22092.81055,5899.910156,2480.909912,2931780000
08-08-2017,2477.139893,2480.949951,2475.879883,2480.909912,9.93,22118.41992,5934.72998,2474.919922,3344640000
09-08-2017,2478.350098,2490.870117,2470.320068,2474.919922,10.96,22085.33984,5926.350098,2474.02002,3308060000
10-08-2017,2465.350098,2474.409912,2462.080078,2474.02002,11.11,22048.69922,5919.390137,2438.209961,3621070000
11-08-2017,2465.379883,2465.379883,2437.75,2438.209961,16.040001,21844.00977,5788.189941,2441.320068,3159930000
14-08-2017,2441.040039,2448.090088,2437.850098,2441.320068,15.51,21858.32031,5831.529785,2465.840088,2822550000
15-08-2017,2454.959961,2468.219971,2454.959961,2465.840088,12.33,21993.71094,5908.169922,2464.610107,2913100000
16-08-2017,2468.659912,2468.899902,2461.610107,2464.610107,12.04,21998.99023,5907.72998,2468.110107,2953650000
17-08-2017,2468.629883,2474.929932,2463.860107,2468.110107,11.74,22024.86914,5917.419922,2430.01001,3142620000
18-08-2017,2462.949951,2465.02002,2430.01001,2430.01001,15.55,21750.73047,5796.319824,2425.550049,3415680000
21-08-2017,2427.639893,2440.27002,2420.689941,2425.550049,14.26,21674.50977,5790.910156,2428.370117,2788150000
22-08-2017,2425.5,2430.580078,2417.350098,2428.370117,13.19,21703.75,5786.540039,2452.51001,2777490000
23-08-2017,2433.75,2454.77002,2433.669922,2452.51001,11.35,21899.89063,5873.330078,2444.040039,2785290000
24-08-2017,2444.879883,2448.909912,2441.419922,2444.040039,12.25,21812.08984,5851.779785,2438.969971,2846590000
25-08-2017,2447.909912,2450.389893,2436.189941,2438.969971,12.23,21783.40039,5834.439941,2443.050049,2588780000
28-08-2017,2444.719971,2453.959961,2442.219971,2443.050049,11.28,21813.66992,5822.529785,2444.23999,2677700000
29-08-2017,2447.350098,2449.120117,2439.030029,2444.23999,11.32,21808.40039,5838.080078,2446.300049,2737580000
30-08-2017,2431.939941,2449.189941,2428.199951,2446.300049,11.7,21865.36914,5862.140137,2457.590088,2633660000
31-08-2017,2446.060059,2460.310059,2443.77002,2457.590088,11.22,21892.42969,5932.899902,2471.649902,3348110000
01-09-2017,2462.649902,2475.01001,2462.649902,2471.649902,10.59,21948.09961,5988.600098,2476.550049,2710730000
05-09-2017,2474.419922,2480.379883,2473.850098,2476.550049,10.13,21987.56055,5987.899902,2457.850098,3490260000
06-09-2017,2470.350098,2471.969971,2446.550049,2457.850098,12.23,21753.31055,5932.72998,2465.540039,3374410000
07-09-2017,2463.830078,2469.639893,2459.199951,2465.540039,11.63,21807.64063,5951.129883,2465.100098,3353930000
08-09-2017,2468.060059,2468.620117,2460.290039,2465.100098,11.55,21784.7793,5964.310059,2461.429932,3302490000
11-09-2017,2462.25,2467.110107,2459.399902,2461.429932,12.12,21797.78906,5913.370117,2488.110107,3291760000
12-09-2017,2474.52002,2488.949951,2474.52002,2488.110107,10.73,22057.36914,5980.529785,2496.47998,3230920000
13-09-2017,2491.939941,2496.77002,2490.370117,2496.47998,10.58,22118.85938,5995.640137,2498.370117,3368050000
14-09-2017,2493.889893,2498.370117,2492.139893,2498.370117,10.5,22158.17969,6004.379883,2495.620117,3414460000
15-09-2017,2494.560059,2498.429932,2491.350098,2495.620117,10.44,22203.48047,5968.819824,2500.22998,4853170000
18-09-2017,2495.669922,2500.22998,2493.159912,2500.22998,10.17,22268.33984,5988,2503.870117,3194300000
19-09-2017,2502.51001,2508.320068,2499.919922,2503.870117,10.15,22331.34961,5981.120117,2506.649902,3249100000
20-09-2017,2506.290039,2507.840088,2503.189941,2506.649902,10.18,22370.80078,5991.080078,2508.23999,3530010000
21-09-2017,2506.840088,2508.850098,2496.669922,2508.23999,9.78,22412.58984,5973.609863,2500.600098,2930860000
22-09-2017,2507.159912,2507.159912,2499,2500.600098,9.67,22359.23047,5934.910156,2502.219971,2865960000
25-09-2017,2497.26001,2503.469971,2496.540039,2502.219971,9.59,22349.58984,5932.319824,2496.659912,3297890000
26-09-2017,2499.389893,2502.540039,2488.030029,2496.659912,10.21,22296.08984,5867.350098,2496.840088,3043110000
27-09-2017,2501.040039,2503.51001,2495.120117,2496.840088,10.17,22284.32031,5881.339844,2507.040039,3456030000
28-09-2017,2503.300049,2511.75,2495.909912,2507.040039,9.87,22340.71094,5937.790039,2510.060059,3168620000
29-09-2017,2503.409912,2510.810059,2502.929932,2510.060059,9.55,22381.19922,5933.069824,2519.360107,3211920000
02-10-2017,2509.959961,2519.439941,2507.98999,2519.360107,9.51,22405.08984,5979.299805,2529.120117,3199730000
03-10-2017,2521.199951,2529.22998,2520.399902,2529.120117,9.45,22557.59961,5981.919922,2534.580078,3068850000
04-10-2017,2530.340088,2535.129883,2528.850098,2534.580078,9.51,22641.66992,5995.060059,2537.73999,3017120000
05-10-2017,2533.47998,2540.530029,2531.800049,2537.73999,9.63,22661.64063,5998.839844,2552.070068,3045120000
06-10-2017,2540.860107,2552.51001,2540.02002,2552.070068,9.19,22775.39063,6057.140137,2549.330078,2884570000
09-10-2017,2547.439941,2549.409912,2543.790039,2549.330078,9.65,22773.66992,6064.569824,2544.72998,2483970000
10-10-2017,2551.389893,2551.820068,2541.600098,2544.72998,10.33,22761.07031,6058.529785,2550.639893,2960500000
11-10-2017,2549.98999,2555.22998,2544.860107,2550.639893,10.08,22830.67969,6063.52002,2555.23999,2976090000
12-10-2017,2550.620117,2555.23999,2547.949951,2555.23999,9.85,22872.89063,6081.25,2550.929932,3151510000
13-10-2017,2552.879883,2555.330078,2548.310059,2550.929932,9.91,22841.00977,6069.990234,2553.169922,3149440000
16-10-2017,2555.659912,2557.649902,2552.090088,2553.169922,9.61,22871.7207,6092.450195,2557.639893,2916020000
17-10-2017,2555.570068,2559.469971,2552.639893,2557.639893,9.91,22956.96094,6114.529785,2559.360107,2889390000
18-10-2017,2557.169922,2559.709961,2554.689941,2559.360107,10.31,22997.43945,6122.609863,2561.26001,2998090000
19-10-2017,2562.870117,2564.110107,2559.669922,2561.26001,10.07,23157.59961,6114.350098,2562.100098,2990710000
20-10-2017,2553.389893,2562.360107,2547.919922,2562.100098,10.05,23163.03906,6092.620117,2575.209961,3384650000
23-10-2017,2567.560059,2575.439941,2567.560059,2575.209961,9.97,23328.63086,6108.819824,2564.97998,3211710000
24-10-2017,2578.080078,2578.290039,2564.330078,2564.97998,11.07,23273.96094,6067.830078,2569.129883,3427330000
25-10-2017,2568.659912,2572.179932,2565.580078,2569.129883,11.16,23441.75977,6080.220215,2557.149902,3874510000
26-10-2017,2566.52002,2567.399902,2544,2557.149902,11.23,23329.46094,6055.040039,2560.399902,3869050000
27-10-2017,2560.080078,2567.070068,2559.800049,2560.399902,11.3,23400.85938,6037.870117,2581.070068,3887110000
30-10-2017,2570.26001,2582.97998,2565.939941,2581.070068,9.8,23434.18945,6213.470215,2572.830078,3658870000
31-10-2017,2577.75,2580.030029,2568.25,2572.830078,10.5,23348.74023,6227.589844,2575.26001,3827230000
01-11-2017,2575.98999,2578.290039,2572.149902,2575.26001,10.18,23377.24023,6248.560059,2579.360107,3813180000
02-11-2017,2583.209961,2588.399902,2574.919922,2579.360107,10.2,23435.00977,6248.649902,2579.850098,4048270000
03-11-2017,2579.459961,2581.110107,2566.169922,2579.850098,9.93,23516.25977,6236.390137,2587.840088,3567710000
06-11-2017,2581.929932,2588.419922,2576.77002,2587.840088,9.14,23539.18945,6295.580078,2591.129883,3539080000
07-11-2017,2587.469971,2593.379883,2585.659912,2591.129883,9.4,23548.41992,6313.609863,2590.639893,3809650000
08-11-2017,2592.110107,2597.02002,2584.350098,2590.639893,9.89,23557.23047,6320.779785,2594.379883,3899360000
09-11-2017,2588.709961,2595.469971,2585.02002,2594.379883,9.78,23563.35938,6345.810059,2584.620117,3831610000
10-11-2017,2584,2586.5,2566.330078,2584.620117,10.5,23461.93945,6312.209961,2582.300049,3486910000
13-11-2017,2580.179932,2583.810059,2575.570068,2582.300049,11.29,23422.21094,6309.069824,2584.840088,3402930000
14-11-2017,2576.530029,2587.659912,2574.47998,2584.840088,11.5,23439.69922,6316.180176,2578.870117,3641760000
15-11-2017,2577.75,2579.659912,2566.560059,2578.870117,11.59,23409.4707,6293.640137,2564.620117,3558890000
16-11-2017,2569.449951,2572.840088,2557.449951,2564.620117,13.13,23271.2793,6258.359863,2585.639893,3312710000
17-11-2017,2572.949951,2590.090088,2572.949951,2585.639893,11.76,23458.35938,6339.140137,2578.850098,3300160000
20-11-2017,2582.939941,2583.959961,2577.620117,2578.850098,11.43,23358.24023,6314.509766,2582.139893,3003540000
21-11-2017,2579.48999,2584.639893,2578.23999,2582.139893,10.65,23430.33008,6308.609863,2599.030029,3332720000
22-11-2017,2589.169922,2601.189941,2589.169922,2599.030029,9.73,23590.83008,6378.629883,2597.080078,2762950000
24-11-2017,2600.310059,2600.939941,2595.22998,2597.080078,9.88,23526.17969,6386.120117,2602.419922,1349780000
27-11-2017,2600.419922,2604.209961,2600.419922,2602.419922,9.67,23557.99023,6409.290039,2601.419922,3006860000
28-11-2017,2602.659912,2606.409912,2598.870117,2601.419922,9.87,23580.7793,6405.970215,2627.040039,3488420000
29-11-2017,2605.939941,2627.689941,2605.439941,2627.040039,10.03,23836.71094,6422.560059,2626.070068,4078280000
30-11-2017,2627.820068,2634.889893,2620.320068,2626.070068,10.7,23940.67969,6311.379883,2647.580078,4938490000
01-12-2017,2633.929932,2657.73999,2633.929932,2647.580078,11.28,24272.34961,6365.560059,2642.219971,3942320000
04-12-2017,2645.100098,2650.620117,2605.52002,2642.219971,11.43,24231.58984,6337.870117,2639.439941,4023150000
05-12-2017,2657.189941,2665.189941,2639.030029,2639.439941,11.68,24290.05078,6263.700195,2629.570068,3539040000
06-12-2017,2639.780029,2648.719971,2627.72998,2629.570068,11.33,24180.64063,6265.109863,2629.27002,3229000000
07-12-2017,2626.23999,2634.409912,2624.75,2629.27002,11.02,24140.91016,6293.049805,2636.97998,3292400000
08-12-2017,2628.379883,2640.98999,2626.530029,2636.97998,10.16,24211.48047,6316.279785,2651.5,3106150000
11-12-2017,2646.209961,2651.649902,2644.100098,2651.5,9.58,24329.16016,6344.569824,2659.98999,3091950000
12-12-2017,2652.189941,2660.330078,2651.469971,2659.98999,9.34,24386.0293,6393.890137,2664.110107,3555680000
13-12-2017,2661.72998,2669.719971,2659.780029,2664.110107,9.92,24504.80078,6383.649902,2662.850098,3542370000
14-12-2017,2667.590088,2671.879883,2662.850098,2662.850098,10.18,24585.42969,6394.669922,2652.01001,3430030000
15-12-2017,2665.870117,2668.090088,2652.01001,2652.01001,10.49,24508.66016,6389.910156,2675.810059,5723920000
18-12-2017,2660.629883,2679.629883,2659.139893,2675.810059,9.42,24651.74023,6466.319824,2690.159912,3724660000
19-12-2017,2685.919922,2694.969971,2685.919922,2690.159912,9.53,24792.19922,6513.27002,2681.469971,3368590000
20-12-2017,2692.709961,2694.439941,2680.73999,2681.469971,10.03,24754.75,6480.669922,2679.25,3241030000
21-12-2017,2688.179932,2691.01001,2676.110107,2679.25,9.72,24726.65039,6472.47998,2684.570068,3273390000
22-12-2017,2683.02002,2692.639893,2682.399902,2684.570068,9.62,24782.28906,6472.689941,2683.340088,2399830000
26-12-2017,2684.219971,2685.350098,2678.129883,2683.340088,9.9,24754.06055,6465.169922,2680.5,1968780000
27-12-2017,2679.090088,2682.73999,2677.959961,2680.5,10.25,24746.21094,6433.160156,2682.620117,2202080000
28-12-2017,2682.100098,2685.639893,2678.909912,2682.620117,10.47,24774.30078,6435.149902,2687.540039,2153330000
29-12-2017,2686.100098,2687.659912,2682.689941,2687.540039,10.18,24837.50977,6441.419922,2673.610107,2443490000
02-01-2018,2689.149902,2692.120117,2673.610107,2673.610107,11.04,24719.2207,6396.419922,2695.810059,3367250000
03-01-2018,2683.72998,2695.889893,2682.360107,2695.810059,9.77,24824.00977,6511.339844,2713.060059,3538660000
04-01-2018,2697.850098,2714.370117,2697.77002,2713.060059,9.15,24922.67969,6575.799805,2723.98999,3695260000
05-01-2018,2719.310059,2729.290039,2719.070068,2723.98999,9.22,25075.13086,6584.580078,2743.149902,3236620000
08-01-2018,2731.330078,2743.449951,2727.919922,2743.149902,9.22,25295.86914,6653.290039,2747.709961,3242650000
09-01-2018,2742.669922,2748.51001,2737.600098,2747.709961,9.52,25283,6676.629883,2751.290039,3453480000
10-01-2018,2751.149902,2759.139893,2747.860107,2751.290039,10.08,25385.80078,6677.939941,2748.22998,3576350000
11-01-2018,2745.550049,2750.800049,2736.060059,2748.22998,9.82,25369.13086,6662.660156,2767.560059,3641320000
12-01-2018,2752.969971,2767.560059,2752.780029,2767.560059,9.88,25574.73047,6708.490234,2786.23999,3573970000
16-01-2018,2770.179932,2787.850098,2769.639893,2786.23999,10.16,25803.18945,6758.540039,2776.419922,4325970000
17-01-2018,2798.959961,2807.540039,2768.639893,2776.419922,11.66,25792.85938,6737.140137,2802.560059,3778050000
18-01-2018,2784.98999,2807.040039,2778.379883,2802.560059,11.91,26115.65039,6810.279785,2798.030029,3681470000
19-01-2018,2802.399902,2805.830078,2792.560059,2798.030029,12.22,26017.81055,6811.379883,2810.300049,3639430000
22-01-2018,2802.600098,2810.330078,2798.080078,2810.300049,11.27,26071.7207,6834.330078,2832.969971,3471780000
23-01-2018,2809.159912,2833.030029,2808.120117,2832.969971,11.03,26214.59961,6906.279785,2839.129883,3519650000
24-01-2018,2835.050049,2842.23999,2830.590088,2839.129883,11.1,26210.81055,6963.459961,2837.540039,4014070000
25-01-2018,2845.419922,2852.969971,2824.810059,2837.540039,11.47,26252.11914,6919.350098,2839.25,3835150000
26-01-2018,2846.23999,2848.560059,2830.939941,2839.25,11.58,26392.78906,6916.299805,2872.870117,3443230000
29-01-2018,2847.47998,2872.870117,2846.179932,2872.870117,11.08,26616.71094,7022.970215,2853.530029,3573830000
30-01-2018,2867.22998,2870.620117,2851.47998,2853.530029,13.84,26439.48047,6988.319824,2822.429932,3990650000
31-01-2018,2832.73999,2837.75,2818.27002,2822.429932,14.79,26076.89063,6930.72998,2823.810059,4261280000
01-02-2018,2832.409912,2839.26001,2813.040039,2823.810059,13.54,26149.39063,6949.990234,2821.97998,3938450000
02-02-2018,2816.449951,2835.959961,2812.699951,2821.97998,13.47,26186.71094,6901.5,2762.129883,4301130000
05-02-2018,2808.919922,2808.919922,2759.969971,2762.129883,17.309999,25520.96094,6760.290039,2648.939941,5283460000
06-02-2018,2741.060059,2763.389893,2638.169922,2648.939941,37.32,24345.75,6495.919922,2695.139893,5891660000
07-02-2018,2614.780029,2701.040039,2593.070068,2695.139893,29.98,24912.76953,6665.97998,2681.659912,4626570000
08-02-2018,2690.949951,2727.669922,2681.330078,2681.659912,27.73,24893.34961,6582.02002,2581,5305440000
09-02-2018,2685.01001,2685.27002,2580.560059,2581,33.459999,23860.46094,6306.100098,2619.550049,5680070000
12-02-2018,2601.780029,2638.669922,2532.689941,2619.550049,29.059999,24190.90039,6412.680176,2656,4055790000
13-02-2018,2636.75,2672.610107,2622.449951,2656,25.610001,24601.26953,6523.850098,2662.939941,3472870000
14-02-2018,2646.27002,2668.840088,2637.080078,2662.939941,24.969999,24640.44922,6553.859863,2698.629883,4003740000
15-02-2018,2651.209961,2702.100098,2648.870117,2698.629883,19.26,24893.49023,6675.029785,2731.199951,3684910000
16-02-2018,2713.459961,2731.51001,2689.820068,2731.199951,19.129999,25200.36914,6794.919922,2732.219971,3637460000
20-02-2018,2727.139893,2754.419922,2725.110107,2732.219971,19.459999,25219.38086,6770.660156,2716.26001,3627610000
21-02-2018,2722.98999,2737.600098,2706.76001,2716.26001,20.6,24964.75,6779.689941,2701.330078,3779400000
22-02-2018,2720.530029,2747.75,2701.290039,2701.330078,20.02,24797.7793,6759.259766,2703.959961,3701270000
23-02-2018,2710.419922,2731.26001,2697.77002,2703.959961,18.719999,24962.48047,6761.850098,2747.300049,3189190000
26-02-2018,2715.800049,2747.76001,2713.73999,2747.300049,16.49,25309.99023,6896.600098,2779.600098,3424650000
27-02-2018,2757.370117,2780.639893,2753.780029,2779.600098,15.8,25709.26953,6989.100098,2744.280029,3745080000
28-02-2018,2780.449951,2789.149902,2744.219971,2744.280029,18.59,25410.0293,6900.350098,2713.830078,4230660000
01-03-2018,2753.780029,2761.52002,2713.540039,2713.830078,19.85,25029.19922,6854.419922,2677.669922,4503970000
02-03-2018,2715.219971,2730.889893,2659.649902,2677.669922,22.469999,24608.98047,6750.540039,2691.25,3882450000
05-03-2018,2658.889893,2696.25,2647.320068,2691.25,19.59,24538.06055,6811.040039,2720.939941,3710810000
06-03-2018,2681.060059,2728.090088,2675.75,2720.939941,18.73,24874.75977,6881.279785,2728.120117,3370690000
07-03-2018,2730.179932,2732.080078,2711.26001,2728.120117,18.360001,24884.11914,6913.02002,2726.800049,3393270000
08-03-2018,2710.179932,2730.600098,2701.73999,2726.800049,17.76,24801.35938,6929.390137,2738.969971,3212320000
09-03-2018,2732.75,2740.449951,2722.649902,2738.969971,16.540001,24895.21094,6966.430176,2786.570068,3364100000
12-03-2018,2752.909912,2786.570068,2751.540039,2786.570068,14.64,25335.74023,7101.180176,2783.02002,3185020000
13-03-2018,2790.540039,2796.97998,2779.26001,2783.02002,15.78,25178.60938,7131.120117,2765.310059,3301650000
14-03-2018,2792.310059,2801.899902,2758.679932,2765.310059,16.35,25007.0293,7046.509766,2749.47998,3391360000
15-03-2018,2774.060059,2777.110107,2744.379883,2749.47998,17.23,24758.11914,7040.97998,2747.330078,3500330000
16-03-2018,2754.27002,2763.030029,2741.469971,2747.330078,16.59,24873.66016,7030.970215,2752.01001,5372340000
19-03-2018,2750.570068,2761.850098,2749.969971,2752.01001,15.8,24946.50977,7019.950195,2712.919922,3302130000
20-03-2018,2741.379883,2741.379883,2694.590088,2712.919922,19.02,24610.91016,6864.879883,2716.939941,3261030000
21-03-2018,2715.050049,2724.219971,2710.050049,2716.939941,18.200001,24727.26953,6885.919922,2711.929932,3415510000
22-03-2018,2714.98999,2739.139893,2709.790039,2711.929932,17.860001,24682.31055,6853.450195,2643.689941,3739800000
23-03-2018,2691.360107,2695.679932,2641.590088,2643.689941,23.34,23957.89063,6682.259766,2588.26001,3815080000
26-03-2018,2646.709961,2657.669922,2585.889893,2588.26001,24.870001,23533.19922,6508.089844,2658.550049,3511100000
27-03-2018,2619.350098,2661.360107,2601.810059,2658.550049,21.030001,24202.59961,6753.830078,2612.620117,3706350000
28-03-2018,2667.570068,2674.780029,2596.120117,2612.620117,22.5,23857.71094,6529.839844,2605,3864500000
29-03-2018,2611.300049,2632.649902,2593.060059,2605,22.870001,23848.41992,6460.810059,2640.870117,3565990000
02-04-2018,2614.409912,2659.070068,2609.719971,2640.870117,19.969999,24103.10938,6581.129883,2581.879883,3598520000
03-04-2018,2633.449951,2638.300049,2553.800049,2581.879883,23.620001,23644.18945,6390.839844,2614.449951,3392810000
04-04-2018,2592.169922,2619.139893,2575.48999,2614.449951,21.1,24033.35938,6458.830078,2644.689941,3350340000
05-04-2018,2584.040039,2649.860107,2573.610107,2644.689941,20.059999,24264.30078,6560.060059,2662.840088,3178970000
06-04-2018,2657.360107,2672.080078,2649.580078,2662.840088,18.940001,24505.2207,6594.839844,2604.469971,3299700000
09-04-2018,2645.820068,2656.879883,2586.27002,2604.469971,21.49,23932.75977,6433.209961,2613.159912,3062960000
10-04-2018,2617.179932,2653.550049,2610.790039,2613.159912,21.77,23979.09961,6472.339844,2656.870117,3543930000
11-04-2018,2638.409912,2665.449951,2635.780029,2656.870117,20.469999,24408,6615.870117,2642.189941,3020760000
12-04-2018,2643.889893,2661.429932,2639.25,2642.189941,20.24,24189.44922,6583.439941,2663.98999,3021320000
13-04-2018,2653.830078,2674.719971,2653.830078,2663.98999,18.49,24483.05078,6656.259766,2656.300049,2960910000
16-04-2018,2676.899902,2680.26001,2645.050049,2656.300049,17.41,24360.14063,6628.339844,2677.840088,3019700000
17-04-2018,2670.100098,2686.48999,2665.159912,2677.840088,16.559999,24573.03906,6675.180176,2706.389893,3234360000
18-04-2018,2692.73999,2713.340088,2692.050049,2706.389893,15.25,24786.63086,6816.370117,2708.639893,3383410000
19-04-2018,2710.110107,2717.48999,2703.629883,2708.639893,15.6,24748.07031,6833.209961,2693.129883,3349370000
20-04-2018,2701.159912,2702.840088,2681.899902,2693.129883,15.96,24664.89063,6774.890137,2670.139893,3388590000
23-04-2018,2692.560059,2693.939941,2660.610107,2670.139893,16.879999,24462.93945,6667.75,2670.290039,3017480000
24-04-2018,2675.399902,2682.860107,2657.98999,2670.290039,16.34,24448.68945,6648.799805,2634.560059,3706740000
25-04-2018,2680.800049,2683.550049,2617.320068,2634.560059,18.02,24024.13086,6509.049805,2639.399902,3499440000
26-04-2018,2634.919922,2645.300049,2612.669922,2639.399902,17.84,24083.83008,6513.939941,2666.939941,3665720000
27-04-2018,2651.649902,2676.47998,2647.159912,2666.939941,16.24,24322.33984,6649.649902,2669.909912,3219030000
30-04-2018,2675.469971,2677.350098,2659.01001,2669.909912,15.41,24311.18945,6656.350098,2648.050049,3734530000
01-05-2018,2682.51001,2682.870117,2648.040039,2648.050049,15.93,24163.15039,6605.569824,2654.800049,3559850000
02-05-2018,2642.959961,2655.27002,2625.409912,2654.800049,15.49,24099.05078,6681.959961,2635.669922,4010770000
03-05-2018,2654.23999,2660.870117,2631.699951,2635.669922,15.97,23924.98047,6644.47998,2629.72998,3851470000
04-05-2018,2628.080078,2637.139893,2594.620117,2629.72998,15.9,23930.15039,6643.47998,2663.419922,3327220000
07-05-2018,2621.449951,2670.929932,2615.320068,2663.419922,14.77,24262.50977,6769.120117,2672.629883,3237960000
08-05-2018,2680.340088,2683.350098,2664.699951,2672.629883,14.75,24357.32031,6821.870117,2671.919922,3717570000
09-05-2018,2670.26001,2676.340088,2655.199951,2671.919922,14.71,24360.21094,6815.47998,2697.790039,3909500000
10-05-2018,2678.120117,2701.27002,2674.139893,2697.790039,13.42,24542.53906,6893.209961,2723.070068,3333050000
11-05-2018,2705.02002,2726.110107,2704.540039,2723.070068,13.23,24739.5293,6963.549805,2727.719971,2862700000
14-05-2018,2722.699951,2732.860107,2717.449951,2727.719971,12.65,24831.16992,6952.560059,2730.129883,2972660000
15-05-2018,2738.469971,2742.100098,2725.469971,2730.129883,12.93,24899.41016,6964.370117,2711.449951,3290680000
16-05-2018,2718.590088,2718.590088,2701.909912,2711.449951,14.63,24706.41016,6888.540039,2722.459961,3202670000
17-05-2018,2712.620117,2727.76001,2712.169922,2722.459961,13.42,24768.92969,6929.970215,2720.129883,3475400000
18-05-2018,2719.709961,2731.959961,2711.360107,2720.129883,13.43,24713.98047,6901.629883,2712.969971,3368690000
21-05-2018,2717.350098,2719.5,2709.179932,2712.969971,13.42,24715.08984,6866.25,2733.01001,3019890000
22-05-2018,2735.389893,2739.189941,2725.699951,2733.01001,13.08,25013.28906,6905.529785,2724.439941,3366310000
23-05-2018,2738.340088,2742.23999,2721.879883,2724.439941,13.22,24834.41016,6893.620117,2733.290039,3326290000
24-05-2018,2713.97998,2733.330078,2709.540039,2733.290039,12.58,24886.81055,6953.629883,2727.76001,3256030000
25-05-2018,2730.939941,2731.969971,2707.379883,2727.76001,12.53,24811.75977,6949.700195,2721.330078,2995260000
29-05-2018,2723.600098,2727.360107,2714.98999,2721.330078,13.22,24753.08984,6960.919922,2689.860107,3736890000
30-05-2018,2705.110107,2710.669922,2676.810059,2689.860107,17.02,24361.44922,6926.540039,2724.01001,3561050000
31-05-2018,2702.429932,2729.340088,2702.429932,2724.01001,14.94,24667.7793,6976.370117,2705.27002,4235370000
01-06-2018,2720.97998,2722.5,2700.679932,2705.27002,15.43,24415.83984,6967.72998,2734.620117,3684130000
04-06-2018,2718.699951,2736.929932,2718.699951,2734.620117,13.46,24635.21094,7083.930176,2746.870117,3376510000
05-06-2018,2741.669922,2749.159912,2740.540039,2746.870117,12.74,24813.68945,7143.569824,2748.800049,3517790000
06-06-2018,2748.459961,2752.610107,2739.51001,2748.800049,12.4,24799.98047,7166.75,2772.350098,3651640000
07-06-2018,2753.25,2772.389893,2748.459961,2772.350098,11.64,25146.39063,7210.080078,2770.370117,3711330000
08-06-2018,2774.840088,2779.899902,2760.159912,2770.370117,12.13,25241.41016,7152.830078,2779.030029,3123210000
11-06-2018,2765.840088,2779.389893,2763.590088,2779.030029,12.18,25316.5293,7152.620117,2782,3232330000
12-06-2018,2780.179932,2790.209961,2780.169922,2782,12.35,25322.31055,7168.47998,2786.850098,3401010000
13-06-2018,2785.600098,2789.800049,2778.780029,2786.850098,12.34,25320.73047,7209.180176,2775.629883,3779230000
14-06-2018,2787.939941,2791.469971,2774.649902,2775.629883,12.94,25201.19922,7205.259766,2782.48999,3526890000
15-06-2018,2783.209961,2789.060059,2776.52002,2782.48999,12.12,25175.31055,7279.589844,2779.659912,5428790000
18-06-2018,2777.780029,2782.810059,2761.72998,2779.659912,11.98,25090.48047,7255.759766,2773.75,3287150000
19-06-2018,2765.790039,2774.98999,2757.120117,2773.75,12.31,24987.4707,7251.410156,2762.590088,3661470000
20-06-2018,2752.01001,2765.050049,2743.189941,2762.590088,13.35,24700.21094,7228.040039,2767.320068,3327600000
21-06-2018,2769.72998,2774.860107,2763.909912,2767.320068,12.79,24657.80078,7280.700195,2749.76001,3300060000
22-06-2018,2769.280029,2769.280029,2744.389893,2749.76001,14.64,24461.69922,7217.490234,2754.879883,5450550000
25-06-2018,2760.790039,2764.169922,2752.679932,2754.879883,13.77,24580.89063,7197.509766,2717.070068,3655080000
26-06-2018,2742.939941,2742.939941,2698.669922,2717.070068,17.33,24252.80078,7038.169922,2723.060059,3555090000
27-06-2018,2722.120117,2732.909912,2715.600098,2723.060059,15.92,24283.10938,7068.200195,2699.629883,3776090000
28-06-2018,2728.449951,2746.090088,2699.379883,2699.629883,17.91,24117.58984,6969.669922,2716.310059,3428140000
29-06-2018,2698.689941,2724.340088,2691.98999,2716.310059,16.85,24216.05078,7031.600098,2718.370117,3565620000
02-07-2018,2727.129883,2743.26001,2718.030029,2718.370117,16.09,24271.41016,7040.799805,2726.709961,3073650000
03-07-2018,2704.949951,2727.26001,2698.949951,2726.709961,15.6,24307.17969,7097.819824,2713.219971,1911470000
05-07-2018,2733.27002,2736.580078,2711.159912,2713.219971,16.139999,24174.82031,7014.549805,2736.610107,2953420000
06-07-2018,2724.189941,2737.830078,2716.02002,2736.610107,14.97,24356.74023,7101.049805,2759.820068,2554780000
09-07-2018,2737.679932,2764.409912,2733.52002,2759.820068,13.37,24456.48047,7207.330078,2784.169922,3050040000
10-07-2018,2775.620117,2784.649902,2770.72998,2784.169922,12.69,24776.58984,7276,2793.840088,3063850000
11-07-2018,2788.560059,2795.580078,2786.23999,2793.840088,12.64,24919.66016,7282.600098,2774.02002,2964740000
12-07-2018,2779.820068,2785.909912,2770.77002,2774.02002,13.63,24700.44922,7243.97998,2798.290039,2821690000
13-07-2018,2783.139893,2799.219971,2781.530029,2798.290039,12.58,24924.89063,7366.25,2801.310059,2614000000
16-07-2018,2796.929932,2804.530029,2791.689941,2801.310059,12.18,25019.41016,7375.819824,2798.429932,2812230000
17-07-2018,2797.360107,2801.189941,2793.389893,2798.429932,12.83,25064.35938,7357.899902,2809.550049,3050730000
18-07-2018,2789.340088,2814.189941,2789.23999,2809.550049,12.06,25119.89063,7403.890137,2815.620117,3089780000
19-07-2018,2811.350098,2816.76001,2805.889893,2815.620117,12.1,25199.28906,7390.129883,2804.48999,3266700000
20-07-2018,2809.370117,2812.050049,2799.77002,2804.48999,12.87,25064.5,7352.359863,2801.830078,3230210000
23-07-2018,2804.550049,2809.699951,2800.01001,2801.830078,12.86,25058.11914,7350.22998,2806.97998,2907430000
24-07-2018,2799.169922,2808.610107,2795.139893,2806.97998,12.62,25044.28906,7371.779785,2820.399902,3417530000
25-07-2018,2820.679932,2829.98999,2811.120117,2820.399902,12.41,25241.93945,7406.25,2846.070068,3553010000
26-07-2018,2817.72998,2848.030029,2817.72998,2846.070068,12.29,25414.09961,7508.589844,2837.439941,3653330000
27-07-2018,2835.48999,2845.570068,2835.26001,2837.439941,12.14,25527.07031,7400.75,2818.820068,3415710000
30-07-2018,2842.350098,2843.169922,2808.340088,2818.820068,13.03,25451.06055,7296.779785,2802.600098,3245770000
31-07-2018,2819,2821.73999,2798.110107,2802.600098,14.26,25306.83008,7193.100098,2816.290039,3892100000
01-08-2018,2809.72998,2824.459961,2808.060059,2816.290039,12.83,25415.18945,7231.97998,2813.360107,3496990000
02-08-2018,2821.169922,2825.830078,2805.850098,2813.360107,13.15,25333.82031,7272.890137,2827.219971,3467380000
03-08-2018,2800.47998,2829.909912,2796.340088,2827.219971,12.19,25326.16016,7372.149902,2840.350098,3030390000
06-08-2018,2829.620117,2840.379883,2827.370117,2840.350098,11.64,25462.58008,7395.490234,2850.399902,2874540000
07-08-2018,2840.290039,2853.290039,2835.97998,2850.399902,11.27,25502.17969,7438.990234,2858.449951,3162770000
08-08-2018,2855.919922,2863.429932,2855.919922,2858.449951,10.93,25628.91016,7462.649902,2857.699951,2972200000
09-08-2018,2856.790039,2862.439941,2853.090088,2857.699951,10.85,25583.75,7469.549805,2853.580078,3047050000
10-08-2018,2857.189941,2862.47998,2851.97998,2853.580078,11.27,25509.23047,7466.959961,2833.280029,3256040000
13-08-2018,2838.899902,2842.199951,2825.810059,2833.280029,13.16,25313.14063,7408.299805,2821.929932,3158450000
14-08-2018,2835.459961,2843.399902,2819.879883,2821.929932,14.78,25187.69922,7401.169922,2839.959961,2976970000
15-08-2018,2827.879883,2843.110107,2826.580078,2839.959961,13.31,25299.91992,7447.169922,2818.370117,3645070000
16-08-2018,2827.949951,2827.949951,2802.48999,2818.370117,14.64,25162.41016,7354.660156,2840.689941,3219880000
17-08-2018,2831.439941,2850.48999,2831.439941,2840.689941,13.45,25558.73047,7374.290039,2850.129883,3024100000
20-08-2018,2838.320068,2855.629883,2833.72998,2850.129883,12.64,25669.32031,7377.540039,2857.050049,2748020000
21-08-2018,2853.929932,2859.76001,2850.620117,2857.050049,12.49,25758.68945,7371.419922,2862.959961,3147140000
22-08-2018,2861.51001,2873.22998,2861.320068,2862.959961,12.86,25822.28906,7397.22998,2861.820068,2689560000
23-08-2018,2860.98999,2867.540039,2856.050049,2861.820068,12.25,25733.59961,7424.600098,2856.97998,2713910000
24-08-2018,2860.290039,2868.780029,2854.030029,2856.97998,12.41,25656.98047,7413.839844,2874.689941,2596190000
27-08-2018,2862.350098,2876.159912,2862.350098,2874.689941,11.99,25790.34961,7485.399902,2896.73999,2854080000
28-08-2018,2884.689941,2898.25,2884.689941,2896.73999,12.16,26049.64063,7559.129883,2897.52002,2683190000
29-08-2018,2901.449951,2903.77002,2893.5,2897.52002,12.5,26064.01953,7570.25,2914.040039,2791860000
30-08-2018,2900.620117,2916.5,2898.399902,2914.040039,12.25,26124.57031,7660.180176,2901.129883,2802180000
31-08-2018,2908.939941,2912.459961,2895.219971,2901.129883,13.53,25986.91992,7642.669922,2901.52002,2880260000
04-09-2018,2898.370117,2906.320068,2891.72998,2901.52002,12.86,25964.82031,7654.549805,2896.719971,3077060000
05-09-2018,2896.959961,2900.179932,2885.129883,2896.719971,13.16,25952.48047,7622.319824,2888.600098,3241250000
06-09-2018,2891.590088,2894.209961,2876.919922,2888.600098,13.91,25974.99023,7523.259766,2878.050049,3139590000
07-09-2018,2888.639893,2892.050049,2867.290039,2878.050049,14.65,25995.86914,7453.169922,2871.679932,2946270000
10-09-2018,2868.26001,2883.810059,2864.120117,2871.679932,14.88,25916.53906,7430.259766,2877.129883,2731400000
11-09-2018,2881.389893,2886.929932,2875.939941,2877.129883,14.16,25857.07031,7447.680176,2887.889893,2899660000
12-09-2018,2871.570068,2892.52002,2866.780029,2887.889893,13.22,25971.06055,7507.870117,2888.919922,3264930000
13-09-2018,2888.290039,2894.649902,2879.199951,2888.919922,13.14,25998.91992,7488.060059,2904.179932,3254930000
14-09-2018,2896.850098,2906.76001,2896.389893,2904.179932,12.37,26145.99023,7561.689941,2904.97998,3149800000
17-09-2018,2906.379883,2908.300049,2895.77002,2904.97998,12.07,26154.66992,7545.5,2888.800049,2947760000
18-09-2018,2903.830078,2904.649902,2886.159912,2888.800049,13.68,26062.11914,7434.72998,2904.310059,3074610000
19-09-2018,2890.73999,2911.169922,2890.429932,2904.310059,12.79,26246.96094,7494.399902,2907.949951,3280020000
20-09-2018,2906.600098,2912.360107,2903.820068,2907.949951,11.75,26405.75977,7490.319824,2930.75,3337730000
21-09-2018,2919.72998,2934.800049,2919.72998,2930.75,11.8,26656.98047,7569.029785,2929.669922,5607610000
24-09-2018,2936.76001,2940.909912,2927.110107,2929.669922,11.68,26743.5,7531.069824,2919.370117,3372210000
25-09-2018,2921.830078,2923.790039,2912.629883,2919.370117,12.2,26562.05078,7548.75,2915.560059,3285480000
26-09-2018,2921.75,2923.949951,2913.699951,2915.560059,12.42,26492.21094,7563.189941,2905.969971,3388620000
27-09-2018,2916.97998,2931.149902,2903.280029,2905.969971,12.89,26385.2793,7563.089844,2914,3060850000
28-09-2018,2911.649902,2927.219971,2909.27002,2914,12.41,26439.92969,7629.569824,2913.97998,3432300000
01-10-2018,2910.030029,2920.530029,2907.5,2913.97998,12.12,26458.31055,7627.649902,2924.590088,3364190000
02-10-2018,2926.290039,2937.060059,2917.909912,2924.590088,12,26651.21094,7645.450195,2923.429932,3401880000
03-10-2018,2923.800049,2931.419922,2919.370117,2923.429932,12.05,26773.93945,7628.279785,2925.51001,3598710000
04-10-2018,2931.689941,2939.860107,2921.360107,2925.51001,11.61,26828.39063,7637.430176,2901.610107,3496860000
05-10-2018,2919.350098,2919.780029,2883.919922,2901.610107,14.22,26627.48047,7490,2885.570068,3328980000
08-10-2018,2902.540039,2909.639893,2869.290039,2885.570068,14.82,26447.05078,7399.009766,2884.429932,3330320000
09-10-2018,2877.530029,2889.449951,2862.080078,2884.429932,15.69,26486.7793,7352.819824,2880.340088,3520500000
10-10-2018,2882.51001,2894.830078,2874.27002,2880.340088,15.95,26430.57031,7371.620117,2785.679932,4501250000
11-10-2018,2873.899902,2874.02002,2784.860107,2785.679932,22.959999,25598.74023,7044.5,2728.370117,4890630000
12-10-2018,2776.870117,2795.139893,2710.51001,2728.370117,24.98,25052.83008,6964.029785,2767.129883,3966040000
15-10-2018,2770.540039,2775.77002,2729.439941,2767.129883,21.309999,25339.99023,7157.209961,2750.790039,3300140000
16-10-2018,2763.830078,2775.98999,2749.030029,2750.790039,21.299999,25250.55078,7068.669922,2809.919922,3428340000
17-10-2018,2767.050049,2813.459961,2766.909912,2809.919922,17.620001,25798.41992,7276.430176,2809.209961,3321710000
18-10-2018,2811.669922,2816.939941,2781.810059,2809.209961,17.4,25706.67969,7278.629883,2768.780029,3616440000
19-10-2018,2802,2806.040039,2755.179932,2768.780029,20.059999,25379.44922,7116.089844,2767.780029,3566490000
22-10-2018,2775.659912,2797.77002,2760.27002,2767.780029,19.889999,25444.33984,7107.22998,2755.879883,3307140000
23-10-2018,2773.939941,2778.939941,2749.219971,2755.879883,19.639999,25317.41016,7141.209961,2740.689941,4348580000
24-10-2018,2721.030029,2753.590088,2691.429932,2740.689941,20.709999,25191.42969,7118.669922,2656.100098,4709310000
25-10-2018,2737.870117,2742.590088,2651.889893,2656.100098,25.23,24583.41992,6789.149902,2705.570068,4634770000
26-10-2018,2674.879883,2722.699951,2667.840088,2705.570068,24.219999,24984.55078,7016.390137,2658.689941,4803150000
29-10-2018,2667.860107,2692.379883,2628.159912,2658.689941,24.16,24688.31055,6852.399902,2641.25,4673700000
30-10-2018,2682.649902,2706.850098,2603.540039,2641.25,24.700001,24442.91992,6713.899902,2682.629883,5106380000
31-10-2018,2640.679932,2685.429932,2635.340088,2682.629883,23.35,24874.64063,6810.120117,2711.73999,5112420000
01-11-2018,2705.600098,2736.689941,2705.600098,2711.73999,21.23,25115.75977,6967.100098,2740.370117,4708420000
02-11-2018,2717.580078,2741.669922,2708.850098,2740.370117,19.34,25380.74023,7069.169922,2723.060059,4237930000
05-11-2018,2745.449951,2756.550049,2700.439941,2723.060059,19.51,25270.83008,6965.290039,2738.310059,3623320000
06-11-2018,2726.370117,2744.27002,2717.939941,2738.310059,19.959999,25461.69922,6937.089844,2755.449951,3510860000
07-11-2018,2738.399902,2756.820068,2737.080078,2755.449951,19.91,25635.00977,6988.850098,2813.889893,3914750000
08-11-2018,2774.129883,2815.149902,2774.129883,2813.889893,16.360001,26180.30078,7203.129883,2806.830078,3630490000
09-11-2018,2806.379883,2814.75,2794.98999,2806.830078,16.719999,26191.2207,7158.589844,2781.01001,4019090000
12-11-2018,2794.100098,2794.100098,2764.23999,2781.01001,17.360001,25989.30078,7039.149902,2726.219971,3670930000
13-11-2018,2773.929932,2775.98999,2722,2726.219971,20.450001,25387.17969,6829.100098,2722.179932,4091440000
14-11-2018,2730.050049,2754.600098,2714.97998,2722.179932,20.02,25286.49023,6830.910156,2701.580078,4402370000
15-11-2018,2737.899902,2746.800049,2685.75,2701.580078,21.25,25080.5,6769.870117,2730.199951,4179140000
16-11-2018,2693.52002,2735.379883,2670.75,2730.199951,19.98,25289.26953,6890.450195,2736.27002,3975180000
19-11-2018,2718.540039,2746.75,2712.159912,2736.27002,18.139999,25413.2207,6867.02002,2690.72998,3772900000
20-11-2018,2730.73999,2733.159912,2681.090088,2690.72998,20.1,25017.43945,6642.919922,2641.889893,4357900000
21-11-2018,2654.600098,2669.439941,2631.52002,2641.889893,22.48,24465.64063,6526.959961,2649.929932,3233550000
23-11-2018,2657.73999,2670.72998,2649.820068,2649.929932,20.799999,24464.68945,6575.660156,2632.560059,1651650000
26-11-2018,2633.360107,2647.550049,2631.090088,2632.560059,21.52,24285.94922,6527.350098,2673.449951,3443950000
27-11-2018,2649.969971,2674.350098,2649.969971,2673.449951,18.9,24640.24023,6678.339844,2682.169922,3485220000
28-11-2018,2663.75,2682.530029,2655.889893,2682.169922,19.02,24748.73047,6701.040039,2743.790039,3951670000
29-11-2018,2691.449951,2744,2684.379883,2743.790039,18.49,25366.42969,6913.330078,2737.800049,3560770000
30-11-2018,2736.969971,2753.75,2722.939941,2737.800049,18.790001,25338.83984,6892.399902,2760.169922,4658580000
03-12-2018,2737.76001,2760.879883,2732.76001,2760.169922,18.07,25538.46094,6949.009766,2790.370117,4186060000
04-12-2018,2790.5,2800.179932,2773.379883,2790.370117,16.440001,25826.42969,7062.129883,2700.060059,4499840000
06-12-2018,2782.429932,2785.929932,2697.179932,2700.060059,20.74,25027.07031,6795.209961,2695.949951,5141470000
07-12-2018,2663.51001,2696.149902,2621.530029,2695.949951,21.190001,24947.66992,6838.850098,2633.080078,4216690000
10-12-2018,2691.26001,2708.540039,2623.139893,2633.080078,23.23,24388.94922,6613.279785,2637.719971,4151030000
11-12-2018,2630.860107,2647.51001,2583.22998,2637.719971,22.639999,24423.25977,6682.740234,2636.780029,3905870000
12-12-2018,2664.439941,2674.350098,2621.300049,2636.780029,21.76,24370.24023,6704.240234,2651.070068,3958890000
13-12-2018,2658.22998,2685.439941,2650.26001,2651.070068,21.459999,24527.26953,6763.959961,2650.540039,3927720000
14-12-2018,2658.699951,2670.189941,2637.27002,2650.540039,20.65,24597.38086,6767.970215,2599.949951,4035020000
17-12-2018,2629.679932,2635.070068,2593.840088,2599.949951,21.629999,24100.50977,6594.959961,2545.939941,4616350000
18-12-2018,2590.75,2601.129883,2530.540039,2545.939941,24.52,23592.98047,6448.390137,2546.159912,4470880000
19-12-2018,2559.899902,2573.98999,2528.709961,2546.159912,25.58,23675.64063,6491.52002,2506.959961,5127940000
20-12-2018,2547.050049,2585.290039,2488.959961,2506.959961,25.58,23323.66016,6342.970215,2467.419922,5585780000
21-12-2018,2496.77002,2509.629883,2441.179932,2467.419922,28.379999,22859.59961,6243.189941,2416.620117,7609010000
24-12-2018,2465.379883,2504.409912,2408.550049,2416.620117,30.110001,22445.36914,6046.560059,2351.100098,2613930000
26-12-2018,2400.560059,2410.340088,2351.100098,2351.100098,36.07,21792.19922,5899.350098,2467.699951,4233990000
27-12-2018,2363.120117,2467.76001,2346.580078,2467.699951,30.41,22878.44922,6262.77002,2488.830078,4096610000
28-12-2018,2442.5,2489.100098,2397.939941,2488.830078,29.959999,23138.82031,6288.299805,2485.73999,3702620000
31-12-2018,2498.77002,2520.27002,2472.889893,2485.73999,28.34,23062.40039,6285.27002,2506.850098,3442870000
02-01-2019,2498.939941,2509.23999,2482.820068,2506.850098,25.42,23327.46094,6329.970215,2510.030029,3733160000
03-01-2019,2476.959961,2519.48999,2467.469971,2510.030029,23.219999,23346.24023,6360.870117,2447.889893,3822860000
04-01-2019,2491.919922,2493.139893,2443.959961,2447.889893,25.450001,22686.2207,6147.129883,2531.939941,4213410000
07-01-2019,2474.330078,2538.070068,2474.330078,2531.939941,21.379999,23433.16016,6422.669922,2549.689941,4104710000
08-01-2019,2535.610107,2566.159912,2524.560059,2549.689941,21.4,23531.34961,6488.25,2574.409912,4083030000
09-01-2019,2568.110107,2579.820068,2547.560059,2574.409912,20.469999,23787.44922,6551.850098,2584.959961,4052480000
10-01-2019,2580,2595.320068,2568.889893,2584.959961,19.98,23879.11914,6600.689941,2596.639893,3704500000
11-01-2019,2573.51001,2597.820068,2562.02002,2596.639893,19.5,24001.91992,6620.939941,2596.26001,3434490000
14-01-2019,2588.110107,2596.27002,2577.399902,2596.26001,18.190001,23995.94922,6601.399902,2582.610107,3664450000
15-01-2019,2580.310059,2589.320068,2570.409912,2582.610107,19.07,23909.83984,6541.040039,2610.300049,3572330000
16-01-2019,2585.100098,2613.080078,2585.100098,2610.300049,18.6,24065.58984,6669.640137,2616.100098,3863770000
17-01-2019,2614.75,2625.76001,2612.679932,2616.100098,19.040001,24207.16016,6668.560059,2635.959961,3772270000
18-01-2019,2609.280029,2645.060059,2606.360107,2635.959961,18.059999,24370.09961,6718.450195,2670.709961,3986730000
22-01-2019,2651.27002,2675.469971,2647.580078,2670.709961,17.799999,24706.34961,6784.609863,2632.899902,3908030000
23-01-2019,2657.879883,2657.879883,2617.27002,2632.899902,20.799999,24404.48047,6646.810059,2638.699951,3335610000
24-01-2019,2643.47998,2653.189941,2612.860107,2638.699951,19.52,24575.61914,6658.759766,2642.330078,3433250000
25-01-2019,2638.840088,2647.199951,2627.01001,2642.330078,18.889999,24553.24023,6702.549805,2664.76001,3814080000
28-01-2019,2657.439941,2672.379883,2657.330078,2664.76001,17.42,24737.19922,6787.370117,2643.850098,3612810000
29-01-2019,2644.969971,2644.969971,2624.060059,2643.850098,18.870001,24528.2207,6697.089844,2640,3504200000
30-01-2019,2644.889893,2650.929932,2631.050049,2640,19.129999,24579.96094,6632.790039,2681.050049,3867810000
31-01-2019,2653.620117,2690.439941,2648.340088,2681.050049,17.66,25014.85938,6807.910156,2704.100098,4917650000
01-02-2019,2685.48999,2708.949951,2678.649902,2704.100098,16.57,24999.66992,6906.839844,2706.530029,3759270000
04-02-2019,2702.320068,2716.659912,2696.879883,2706.530029,16.139999,25063.89063,6875.52002,2724.870117,3359840000
05-02-2019,2706.48999,2724.98999,2698.75,2724.870117,15.73,25239.36914,6959.959961,2737.699951,3560430000
06-02-2019,2728.340088,2738.97998,2724.030029,2737.699951,15.57,25411.51953,7023.52002,2731.610107,3472690000
07-02-2019,2735.050049,2738.080078,2724.149902,2731.610107,15.38,25390.30078,6997.620117,2706.050049,4099490000
08-02-2019,2717.530029,2719.320068,2687.26001,2706.050049,16.370001,25169.5293,6904.97998,2707.879883,3622330000
11-02-2019,2692.360107,2708.070068,2681.830078,2707.879883,15.72,25106.33008,6913.129883,2709.800049,3361970000
12-02-2019,2712.399902,2718.050049,2703.790039,2709.800049,15.97,25053.10938,6909.180176,2744.72998,3827770000
13-02-2019,2722.610107,2748.189941,2722.610107,2744.72998,15.43,25425.75977,7014.669922,2753.030029,3670770000
14-02-2019,2750.300049,2761.850098,2748.629883,2753.030029,15.65,25543.26953,7015.879883,2745.72998,3836700000
15-02-2019,2743.5,2757.899902,2731.22998,2745.72998,16.219999,25439.39063,7022.419922,2775.600098,3641370000
19-02-2019,2760.23999,2775.659912,2760.23999,2775.600098,14.91,25883.25,7055.180176,2779.76001,3533710000
20-02-2019,2769.280029,2787.330078,2767.290039,2779.76001,14.88,25891.32031,7066.609863,2784.699951,3835450000
21-02-2019,2779.050049,2789.879883,2774.060059,2784.699951,14.02,25954.43945,7062.339844,2774.879883,3559710000
22-02-2019,2780.23999,2781.580078,2764.550049,2774.879883,14.46,25850.63086,7035.160156,2792.669922,3427810000
25-02-2019,2780.669922,2794.199951,2779.110107,2792.669922,13.51,26031.81055,7090.629883,2796.110107,3804380000
26-02-2019,2804.350098,2813.48999,2794.98999,2796.110107,14.85,26091.94922,7115.430176,2793.899902,3645680000
27-02-2019,2792.360107,2803.120117,2789.469971,2793.899902,15.17,26057.98047,7123.220215,2792.379883,3767130000
28-02-2019,2787.5,2795.76001,2775.129883,2792.379883,14.7,25985.16016,7117,2784.48999,4396930000
01-03-2019,2788.110107,2793.72998,2782.51001,2784.48999,14.78,25916,7097.529785,2803.689941,3972280000
04-03-2019,2798.219971,2808.02002,2787.379883,2803.689941,13.57,26026.32031,7151.569824,2792.810059,3919810000
05-03-2019,2814.370117,2816.879883,2767.659912,2792.810059,14.63,25819.65039,7150.830078,2789.649902,3585690000
06-03-2019,2794.409912,2796.439941,2782.969971,2789.649902,14.74,25806.63086,7156.790039,2771.449951,3786600000
07-03-2019,2790.27002,2790.27002,2768.689941,2771.449951,15.74,25673.46094,7112.470215,2748.929932,3904860000
08-03-2019,2766.530029,2767.25,2739.090088,2748.929932,16.59,25473.23047,7026.879883,2743.070068,3423130000
11-03-2019,2730.790039,2744.129883,2722.27002,2743.070068,16.049999,25450.24023,7015.689941,2783.300049,3749030000
12-03-2019,2747.610107,2784,2747.610107,2783.300049,14.33,25650.88086,7164.02002,2791.52002,3414230000
13-03-2019,2787.340088,2798.320068,2786.72998,2791.52002,13.77,25554.66016,7201.279785,2810.919922,3766150000
14-03-2019,2799.780029,2821.23999,2799.780029,2810.919922,13.41,25702.89063,7256.97998,2808.47998,3469730000
15-03-2019,2810.379883,2815,2803.459961,2808.47998,13.5,25709.93945,7243.009766,2822.47998,5962730000
18-03-2019,2810.790039,2830.72998,2810.790039,2822.47998,12.88,25848.86914,7306.990234,2832.939941,3552190000
19-03-2019,2822.610107,2835.409912,2821.98999,2832.939941,13.1,25914.09961,7326.279785,2832.570068,3620220000
20-03-2019,2840.76001,2852.419922,2823.27002,2832.570068,13.56,25887.38086,7349.279785,2824.22998,3771200000
21-03-2019,2831.340088,2843.540039,2812.429932,2824.22998,13.91,25745.66992,7380.75,2854.879883,3546800000
22-03-2019,2819.719971,2860.310059,2817.379883,2854.879883,13.63,25962.50977,7493.27002,2800.709961,4237200000
25-03-2019,2844.52002,2846.159912,2800.469971,2800.709961,16.48,25502.32031,7326.060059,2798.360107,3376580000
26-03-2019,2796.01001,2809.790039,2785.02002,2798.360107,16.33,25516.83008,7316.959961,2818.459961,3266050000
27-03-2019,2812.659912,2829.870117,2803.98999,2818.459961,14.68,25657.73047,7351.149902,2805.370117,3372930000
28-03-2019,2819.719971,2825.560059,2787.719971,2805.370117,15.15,25625.58984,7308.189941,2815.439941,3158170000
29-03-2019,2809.399902,2819.709961,2798.77002,2815.439941,14.43,25717.46094,7320.470215,2834.399902,3740700000
01-04-2019,2828.27002,2836.030029,2819.22998,2834.399902,13.71,25928.67969,7378.77002,2867.189941,3500760000
02-04-2019,2848.629883,2869.399902,2848.629883,2867.189941,13.4,26258.41992,7478.419922,2867.23999,3246900000
03-04-2019,2868.23999,2872.899902,2858.75,2867.23999,13.36,26179.13086,7499.640137,2873.399902,3550240000
04-04-2019,2876.090088,2885.25,2865.169922,2873.399902,13.74,26218.13086,7544.970215,2879.389893,3015180000
05-04-2019,2873.98999,2881.280029,2867.139893,2879.389893,13.58,26384.63086,7540.569824,2892.73999,3146820000
08-04-2019,2884.159912,2893.23999,2882.98999,2892.73999,12.82,26424.99023,7578.839844,2895.77002,3054030000
09-04-2019,2888.459961,2895.949951,2880.780029,2895.77002,13.18,26341.01953,7599.740234,2878.199951,3007980000
10-04-2019,2886.580078,2886.879883,2873.330078,2878.199951,14.28,26150.58008,7568.490234,2888.209961,3062380000
11-04-2019,2881.370117,2889.709961,2879.129883,2888.209961,13.3,26157.16016,7611.490234,2888.320068,2938540000
12-04-2019,2891.919922,2893.419922,2881.98999,2888.320068,13.02,26143.05078,7594.890137,2907.409912,3688490000
15-04-2019,2900.860107,2910.540039,2898.370117,2907.409912,12.01,26412.30078,7628.149902,2905.580078,3088330000
16-04-2019,2908.320068,2909.600098,2896.47998,2905.580078,12.32,26384.76953,7629.120117,2907.060059,3402210000
17-04-2019,2912.26001,2916.060059,2900.709961,2907.060059,12.18,26452.66016,7654.72998,2900.449951,3602300000
18-04-2019,2916.040039,2918,2895.449951,2900.449951,12.6,26449.53906,7680.720215,2905.030029,3506850000
22-04-2019,2904.810059,2908.399902,2891.899902,2905.030029,12.09,26559.53906,7689.720215,2907.969971,2997950000
23-04-2019,2898.780029,2909.51001,2896.350098,2907.969971,12.42,26511.05078,7713.490234,2933.679932,3635030000
24-04-2019,2909.98999,2936.310059,2908.530029,2933.679932,12.28,26656.39063,7810.709961,2927.25,3448960000
25-04-2019,2934,2936.830078,2926.050049,2927.25,13.14,26597.05078,7784.410156,2926.169922,3425280000
26-04-2019,2928.98999,2933.100098,2912.840088,2926.169922,13.25,26462.08008,7816.919922,2939.879883,3248500000
29-04-2019,2925.810059,2939.879883,2917.560059,2939.879883,12.73,26543.33008,7826.680176,2943.030029,3118780000
30-04-2019,2940.580078,2949.52002,2939.350098,2943.030029,13.11,26554.39063,7839.040039,2945.830078,3919330000
01-05-2019,2937.139893,2948.219971,2924.110107,2945.830078,13.12,26592.91016,7781.459961,2923.72998,3645850000
02-05-2019,2952.330078,2954.129883,2923.360107,2923.72998,14.8,26430.14063,7751.850098,2917.52002,3778890000
03-05-2019,2922.159912,2931.679932,2900.5,2917.52002,14.42,26307.78906,7724.060059,2945.639893,3338120000
06-05-2019,2929.209961,2947.850098,2929.209961,2945.639893,12.87,26504.94922,7845.72998,2932.469971,3181520000
07-05-2019,2908.889893,2937.320068,2898.209961,2932.469971,15.44,26438.48047,7794.089844,2884.050049,3767100000
08-05-2019,2913.030029,2913.030029,2862.600098,2884.050049,19.32,25965.08984,7640.149902,2879.419922,3485790000
09-05-2019,2879.610107,2897.959961,2873.280029,2879.419922,19.4,25967.33008,7617.549805,2870.719971,3638820000
10-05-2019,2859.840088,2875.969971,2836.399902,2870.719971,19.1,25828.35938,7582.75,2881.399902,3529600000
13-05-2019,2863.100098,2891.310059,2825.389893,2881.399902,16.040001,25942.36914,7586.529785,2811.870117,3894030000
14-05-2019,2840.189941,2840.189941,2801.429932,2811.870117,20.549999,25324.99023,7324.129883,2834.409912,3322720000
15-05-2019,2820.120117,2852.540039,2820.120117,2834.409912,18.059999,25532.05078,7401.879883,2850.959961,3125950000
16-05-2019,2820.379883,2858.679932,2815.080078,2850.959961,16.440001,25648.01953,7503.25,2876.320068,3338060000
17-05-2019,2855.800049,2892.149902,2855.800049,2876.320068,15.29,25862.67969,7580.140137,2859.530029,3257950000
20-05-2019,2858.600098,2885.47998,2854.22998,2859.530029,15.96,25764,7503.680176,2840.22998,3288870000
21-05-2019,2841.939941,2853.860107,2831.290039,2840.22998,16.309999,25679.90039,7376.700195,2864.360107,3218700000
22-05-2019,2854.02002,2868.879883,2854.02002,2864.360107,14.95,25877.33008,7451.02002,2856.27002,3192510000
23-05-2019,2856.060059,2865.469971,2851.110107,2856.27002,14.75,25776.60938,7420.660156,2822.23999,3891980000
24-05-2019,2836.699951,2836.699951,2805.48999,2822.23999,16.92,25490.4707,7307.930176,2826.060059,2887390000
28-05-2019,2832.409912,2841.360107,2820.189941,2826.060059,15.85,25585.68945,7300.959961,2802.389893,4121410000
29-05-2019,2830.030029,2840.51001,2801.580078,2802.389893,17.5,25347.76953,7278.379883,2783.02002,3700050000
30-05-2019,2790.25,2792.030029,2766.060059,2783.02002,17.9,25126.41016,7216.859863,2788.860107,3273790000
31-05-2019,2786.939941,2799,2776.73999,2788.860107,17.299999,25169.88086,7245.399902,2752.060059,3981020000
03-06-2019,2766.149902,2768.97998,2750.52002,2752.060059,18.709999,24815.03906,7127.959961,2744.449951,3943810000
04-06-2019,2751.530029,2763.070068,2728.810059,2744.449951,18.860001,24819.7793,6978.02002,2803.27002,3810430000
05-06-2019,2762.639893,2804.48999,2762.639893,2803.27002,16.969999,25332.17969,7166.75,2826.149902,3548830000
06-06-2019,2818.090088,2827.280029,2800.919922,2826.149902,16.09,25539.57031,7220.899902,2843.48999,3396410000
07-06-2019,2828.51001,2852.100098,2822.449951,2843.48999,15.93,25720.66016,7275.930176,2873.340088,3220250000
10-06-2019,2852.870117,2884.969971,2852.870117,2873.340088,16.299999,25983.93945,7417.290039,2886.72998,3209210000
11-06-2019,2885.830078,2904.77002,2885.51001,2886.72998,15.94,26062.67969,7501.930176,2885.719971,3548420000
12-06-2019,2903.27002,2910.610107,2878.530029,2885.719971,15.99,26048.50977,7513.850098,2879.840088,3034130000
13-06-2019,2882.72998,2888.570068,2874.679932,2879.840088,15.91,26004.83008,7472.290039,2891.639893,3069810000
14-06-2019,2886.23999,2895.23999,2881.98999,2891.639893,15.82,26106.76953,7510.680176,2886.97998,2922330000
17-06-2019,2886.820068,2894.449951,2879.620117,2886.97998,15.28,26089.60938,7479.109863,2889.669922,2810140000
18-06-2019,2889.75,2897.27002,2887.300049,2889.669922,15.35,26112.5293,7526.52002,2917.75,3437620000
19-06-2019,2906.709961,2930.790039,2905.439941,2917.75,15.15,26465.53906,7635.399902,2926.459961,3287890000
20-06-2019,2920.550049,2931.73999,2911.429932,2926.459961,14.33,26504,7667.740234,2954.179932,3905940000
21-06-2019,2949.600098,2958.060059,2931.5,2954.179932,14.75,26753.16992,7738.049805,2950.459961,5000120000
24-06-2019,2952.709961,2964.149902,2946.870117,2950.459961,15.4,26719.13086,7728.779785,2945.350098,3136250000
25-06-2019,2951.419922,2954.919922,2944.050049,2945.350098,15.26,26727.53906,7723.02002,2917.379883,3578050000
26-06-2019,2945.780029,2946.52002,2916.01001,2917.379883,16.280001,26548.2207,7591.540039,2913.780029,3478130000
27-06-2019,2926.070068,2932.590088,2912.98999,2913.780029,16.209999,26536.82031,7627.049805,2924.919922,3122920000
28-06-2019,2919.659912,2929.300049,2918.570068,2924.919922,15.82,26526.58008,7657.049805,2941.76001,5420700000
01-07-2019,2932.939941,2943.97998,2929.050049,2941.76001,15.08,26599.96094,7671.080078,2964.330078,3513270000
02-07-2019,2971.409912,2977.929932,2952.219971,2964.330078,14.06,26717.42969,7768.140137,2973.01001,3206840000
03-07-2019,2964.659912,2973.209961,2955.919922,2973.01001,12.93,26786.67969,7799.819824,2995.820068,1963720000
05-07-2019,2978.080078,2995.840088,2977.959961,2995.820068,12.57,26966,7857.689941,2990.409912,2434210000
08-07-2019,2984.25,2994.030029,2967.969971,2990.409912,13.28,26922.11914,7841.299805,2975.949951,2904550000
09-07-2019,2979.77002,2980.76001,2970.090088,2975.949951,13.96,26806.14063,7785.790039,2979.629883,3028210000
10-07-2019,2965.52002,2981.899902,2963.439941,2979.629883,14.09,26783.49023,7826.859863,2993.070068,3154240000
11-07-2019,2989.300049,3002.97998,2984.620117,2993.070068,13.03,26860.19922,7903.399902,2999.909912,3154620000
12-07-2019,2999.620117,3002.330078,2988.800049,2999.909912,12.93,27088.08008,7896.779785,3013.77002,2974960000
15-07-2019,3003.360107,3013.919922,3001.870117,3013.77002,12.39,27332.0293,7943.240234,3014.300049,2874970000
16-07-2019,3017.800049,3017.800049,3008.77002,3014.300049,12.68,27359.16016,7966.930176,3004.040039,3290650000
17-07-2019,3012.129883,3015.02002,3001.149902,3004.040039,12.86,27335.63086,7927.080078,2984.419922,3181600000
18-07-2019,3005.100098,3005.26001,2984.25,2984.419922,13.97,27219.84961,7888.759766,2995.110107,3296580000
19-07-2019,2978.870117,2998.280029,2973.090088,2995.110107,13.53,27222.9707,7904.129883,2976.610107,3260360000
22-07-2019,3004.26001,3006.02002,2975.860107,2976.610107,14.45,27154.19922,7834.899902,2985.030029,3003720000
23-07-2019,2981.929932,2990.709961,2976.649902,2985.030029,13.53,27171.90039,7905.120117,3005.469971,3313660000
24-07-2019,2994.73999,3005.899902,2988.560059,3005.469971,12.61,27349.18945,7954.560059,3019.560059,3428980000
25-07-2019,2998.77002,3019.590088,2996.820068,3019.560059,12.07,27269.9707,8010.609863,3003.669922,3645270000
26-07-2019,3016.26001,3016.310059,2997.23999,3003.669922,12.74,27140.98047,7929.870117,3025.860107,3257590000
29-07-2019,3013.25,3027.97998,3012.590088,3025.860107,12.16,27192.44922,8016.950195,3020.969971,3203710000
30-07-2019,3024.469971,3025.610107,3014.300049,3020.969971,12.83,27221.34961,7989.080078,3013.179932,3634330000
31-07-2019,3007.659912,3017.189941,3000.939941,3013.179932,13.94,27198.01953,7952.470215,2980.379883,4623430000
01-08-2019,3016.219971,3017.399902,2958.080078,2980.379883,16.120001,26864.26953,7848.779785,2953.560059,4762300000
02-08-2019,2980.320068,3013.590088,2945.22998,2953.560059,17.870001,26583.41992,7801.149902,2932.050049,3874660000
05-08-2019,2943.899902,2945.5,2914.110107,2932.050049,17.610001,26485.00977,7692.799805,2844.73999,4513730000
06-08-2019,2898.070068,2898.070068,2822.120117,2844.73999,24.59,25717.74023,7415.689941,2881.77002,4154240000
07-08-2019,2861.179932,2884.399902,2847.419922,2881.77002,20.17,26029.51953,7521.319824,2883.97998,4491750000
08-08-2019,2858.649902,2892.169922,2825.709961,2883.97998,19.49,26007.07031,7551.899902,2938.090088,4106370000
09-08-2019,2896.209961,2938.719971,2894.469971,2938.090088,16.91,26378.18945,7724.830078,2918.649902,3350640000
12-08-2019,2930.51001,2935.75,2900.149902,2918.649902,17.969999,26287.43945,7646.27002,2882.699951,2851630000
13-08-2019,2907.070068,2907.580078,2873.139893,2882.699951,21.09,25896.43945,7561.680176,2926.320068,3853600000
14-08-2019,2880.719971,2943.310059,2877.050049,2926.320068,17.52,26279.91016,7728.149902,2840.600098,4312530000
15-08-2019,2894.149902,2894.149902,2839.639893,2840.600098,22.1,25479.41992,7490.129883,2847.600098,4038000000
16-08-2019,2846.199951,2856.669922,2825.51001,2847.600098,21.18,25579.39063,7484.890137,2888.679932,3498150000
19-08-2019,2864.73999,2893.629883,2864.73999,2888.679932,18.469999,25886.00977,7604.109863,2923.649902,3212880000
20-08-2019,2913.47998,2931,2913.47998,2923.649902,16.879999,26135.78906,7719.319824,2900.51001,3066300000
21-08-2019,2919.01001,2923.629883,2899.600098,2900.51001,17.5,25962.43945,7664.470215,2924.429932,3011190000
22-08-2019,2922.040039,2928.72998,2917.909912,2924.429932,15.8,26202.73047,7733.220215,2922.949951,2890880000
23-08-2019,2930.939941,2939.080078,2904.51001,2922.949951,16.68,26252.24023,7707.430176,2847.110107,3937300000
26-08-2019,2911.070068,2927.01001,2834.969971,2847.110107,19.870001,25628.90039,7464.990234,2878.379883,2857600000
27-08-2019,2866.699951,2879.27002,2856,2878.379883,19.32,25898.83008,7575.02002,2869.159912,3533630000
28-08-2019,2893.139893,2898.790039,2860.590088,2869.159912,20.309999,25777.90039,7566.029785,2887.939941,3097420000
29-08-2019,2861.280029,2890.030029,2853.050049,2887.939941,19.35,26036.09961,7587.899902,2924.580078,3176190000
30-08-2019,2910.370117,2930.5,2905.669922,2924.580078,17.879999,26362.25,7702.310059,2926.459961,3008450000
03-09-2019,2937.090088,2940.429932,2913.320068,2926.459961,18.98,26403.2793,7691,2906.27002,3426790000
04-09-2019,2909.01001,2914.389893,2891.850098,2906.27002,19.66,26118.01953,7609.509766,2937.780029,3163260000
05-09-2019,2924.669922,2938.840088,2921.860107,2937.780029,17.33,26355.4707,7719.25,2976,3890700000
06-09-2019,2960.600098,2985.860107,2960.600098,2976,16.27,26728.15039,7862.540039,2978.709961,3208280000
09-09-2019,2980.330078,2985.030029,2972.51001,2978.709961,15,26797.46094,7852.540039,2978.429932,4002890000
10-09-2019,2988.429932,2989.429932,2969.389893,2978.429932,15.27,26835.50977,7832.399902,2979.389893,4390770000
11-09-2019,2971.01001,2979.389893,2957.01001,2979.389893,15.2,26909.42969,7814.740234,3000.929932,3927550000
12-09-2019,2981.409912,3000.929932,2975.310059,3000.929932,14.61,27137.03906,7887.580078,3009.570068,3791860000
13-09-2019,3009.080078,3020.73999,3000.919922,3009.570068,14.22,27182.44922,7917.339844,3007.389893,3520060000
16-09-2019,3012.209961,3017.330078,3002.899902,3007.389893,13.74,27219.51953,7892.950195,2997.959961,4274640000
17-09-2019,2996.409912,3002.189941,2990.669922,2997.959961,14.67,27076.82031,7852.410156,3005.699951,3671840000
18-09-2019,2995.669922,3006.209961,2993.72998,3005.699951,14.44,27110.80078,7888.790039,3006.72998,3435540000
19-09-2019,3001.5,3007.830078,2978.570068,3006.72998,13.95,27147.08008,7888.560059,3006.790039,3251290000
20-09-2019,3010.360107,3021.98999,3003.159912,3006.790039,14.05,27094.78906,7901.790039,2992.070068,6094740000
23-09-2019,3008.419922,3016.370117,2984.679932,2992.070068,15.32,26935.07031,7823.549805,2991.780029,3186590000
24-09-2019,2983.5,2999.149902,2982.22998,2991.780029,14.91,26949.99023,7818.609863,2966.600098,3868160000
25-09-2019,3002.429932,3007.97998,2957.72998,2966.600098,17.049999,26807.76953,7710.040039,2984.870117,3318870000
26-09-2019,2968.350098,2989.820068,2952.860107,2984.870117,15.96,26970.71094,7803.540039,2977.620117,3077240000
27-09-2019,2985.72998,2987.280029,2963.709961,2977.620117,16.07,26891.11914,7771.990234,2961.790039,3243650000
30-09-2019,2985.469971,2987.310059,2945.530029,2961.790039,17.219999,26820.25,7681.580078,2976.73999,3247610000
01-10-2019,2967.070068,2983.850098,2967.070068,2976.73999,16.24,26916.83008,7749.450195,2940.25,3558040000
02-10-2019,2983.689941,2992.530029,2938.699951,2940.25,18.559999,26573.03906,7684.140137,2887.610107,3912520000
03-10-2019,2924.780029,2924.780029,2874.929932,2887.610107,20.559999,26078.61914,7550.790039,2910.629883,3503640000
04-10-2019,2885.379883,2911.129883,2855.939941,2910.629883,19.120001,26201.03906,7638.390137,2952.01001,2990830000
07-10-2019,2918.560059,2953.73999,2918.560059,2952.01001,17.040001,26573.7207,7754.100098,2938.790039,2940140000
08-10-2019,2944.22998,2959.75,2935.679932,2938.790039,17.860001,26478.01953,7725.129883,2893.060059,3356450000
09-10-2019,2920.399902,2925.469971,2892.659912,2893.060059,20.280001,26164.03906,7604.27002,2919.399902,2726820000
10-10-2019,2911.100098,2929.320068,2907.409912,2919.399902,18.639999,26346.00977,7690.529785,2938.129883,3217250000
11-10-2019,2918.550049,2948.459961,2917.120117,2938.129883,17.57,26496.66992,7740.359863,2970.27002,3580460000
14-10-2019,2963.070068,2993.280029,2963.070068,2970.27002,15.58,26816.58984,7843.879883,2966.149902,2557020000
15-10-2019,2965.810059,2972.840088,2962.939941,2966.149902,14.57,26787.35938,7842.330078,2995.679932,3340740000
16-10-2019,2973.610107,3003.280029,2973.610107,2995.679932,13.54,27024.80078,7942.850098,2989.689941,3222570000
17-10-2019,2989.679932,2997.540039,2985.199951,2989.689941,13.68,27001.98047,7920.209961,2997.949951,3115960000
18-10-2019,3000.77002,3008.290039,2991.790039,2997.949951,13.79,27025.88086,7942.140137,2986.199951,3264290000
21-10-2019,2996.840088,3000,2976.310059,2986.199951,14.25,26770.19922,7868.490234,3006.719971,3271620000
22-10-2019,2996.47998,3007.330078,2995.350098,3006.719971,14,26827.64063,7940.330078,2995.98999,3523890000
23-10-2019,3010.72998,3014.570068,2995.040039,2995.98999,14.46,26788.09961,7874.620117,3004.52002,3392870000
24-10-2019,2994.01001,3004.780029,2991.209961,3004.52002,14.01,26833.94922,7889.470215,3010.290039,3692600000
25-10-2019,3014.780029,3016.070068,3000.419922,3010.290039,13.71,26805.5293,7966.720215,3022.550049,3370370000
28-10-2019,3003.320068,3027.389893,3001.939941,3022.550049,12.65,26958.06055,8029.220215,3039.419922,3521230000
29-10-2019,3032.120117,3044.080078,3032.120117,3039.419922,13.11,27090.7207,8110.669922,3036.889893,3589930000
30-10-2019,3035.389893,3047.870117,3034.810059,3036.889893,13.2,27071.46094,8047.509766,3046.77002,3776030000
31-10-2019,3039.73999,3050.100098,3025.959961,3046.77002,12.33,27186.68945,8083.109863,3037.560059,4139280000
01-11-2019,3046.899902,3046.899902,3023.189941,3037.560059,13.22,27046.23047,8083.830078,3066.909912,3930200000
04-11-2019,3050.719971,3066.949951,3050.719971,3066.909912,12.3,27347.35938,8161.169922,3078.27002,4146850000
05-11-2019,3078.959961,3085.199951,3074.870117,3078.27002,12.83,27462.10938,8210.660156,3074.620117,4486130000
06-11-2019,3080.800049,3083.949951,3072.149902,3074.620117,13.1,27492.63086,8210.179688,3076.780029,4458190000
07-11-2019,3075.100098,3078.340088,3065.889893,3076.780029,12.62,27492.56055,8196.030273,3085.179932,4144640000
08-11-2019,3087.02002,3097.77002,3080.22998,3085.179932,12.73,27674.80078,8219.650391,3093.080078,3499150000
11-11-2019,3081.25,3093.090088,3073.580078,3093.080078,12.07,27681.24023,8255.889648,3087.01001,3035530000
12-11-2019,3080.330078,3088.330078,3075.820068,3087.01001,12.69,27691.49023,8241.910156,3091.840088,3466010000
13-11-2019,3089.280029,3102.610107,3084.72998,3091.840088,12.68,27691.49023,8263.790039,3094.040039,3509280000
14-11-2019,3084.179932,3098.060059,3078.800049,3094.040039,13,27783.58984,8259.80957,3096.629883,3276070000
15-11-2019,3090.75,3098.199951,3083.26001,3096.629883,13.05,27781.96094,8257.830078,3120.459961,3335650000
18-11-2019,3107.919922,3120.459961,3104.600098,3120.459961,12.05,28004.89063,8315.519531,3122.030029,3436690000
19-11-2019,3117.909912,3124.169922,3112.060059,3122.030029,12.46,28036.2207,8328.480469,3120.179932,3590070000
20-11-2019,3127.449951,3127.639893,3113.469971,3120.179932,12.86,27934.01953,8338.740234,3108.459961,4034890000
21-11-2019,3114.659912,3118.969971,3091.409912,3108.459961,12.78,27821.08984,8283.75,3103.540039,3720560000
22-11-2019,3108.48999,3110.110107,3094.550049,3103.540039,13.13,27766.28906,8265.620117,3110.290039,3226780000
25-11-2019,3111.409912,3112.870117,3099.26001,3110.290039,12.34,27875.61914,8272.049805,3133.639893,3511530000
26-11-2019,3117.439941,3133.830078,3117.439941,3133.639893,11.87,28066.4707,8371.929688,3140.52002,4595590000
27-11-2019,3134.850098,3142.689941,3131,3140.52002,11.54,28121.67969,8385.75,3153.629883,3033090000
29-11-2019,3145.48999,3154.26001,3143.409912,3153.629883,11.75,28164,8444.709961,3140.97998,1743020000
02-12-2019,3147.179932,3150.300049,3139.340088,3140.97998,12.62,28051.41016,8403.679688,3113.870117,3268740000
03-12-2019,3143.850098,3144.310059,3110.780029,3113.870117,14.91,27783.03906,8309.259766,3093.199951,3653390000
04-12-2019,3087.409912,3094.969971,3070.330078,3093.199951,15.96,27502.81055,8254.740234,3112.76001,3695030000
05-12-2019,3103.5,3119.379883,3102.530029,3112.76001,14.8,27649.7793,8296.530273,3117.429932,3355750000
06-12-2019,3119.209961,3119.449951,3103.76001,3117.429932,14.52,27677.78906,8308.400391,3145.909912,3479480000
09-12-2019,3134.620117,3150.600098,3134.620117,3145.909912,13.62,28015.06055,8397.370117,3135.959961,3345990000
10-12-2019,3141.860107,3148.870117,3135.459961,3135.959961,15.86,27909.59961,8362.740234,3132.52002,3343790000
11-12-2019,3135.360107,3142.120117,3126.090088,3132.52002,15.68,27881.7207,8354.290039,3141.629883,3252540000
12-12-2019,3135.75,3143.97998,3133.209961,3141.629883,14.99,27911.30078,8402.610352,3168.570068,3990690000
13-12-2019,3141.22998,3176.280029,3138.469971,3168.570068,13.94,28132.05078,8466.889648,3168.800049,3736870000
16-12-2019,3166.649902,3182.679932,3156.51001,3168.800049,12.63,28135.38086,8487.709961,3191.449951,4051790000
17-12-2019,3183.629883,3197.709961,3183.629883,3191.449951,12.14,28235.89063,8570.330078,3192.52002,3837540000
18-12-2019,3195.399902,3198.219971,3191.030029,3192.52002,12.29,28267.16016,8575.700195,3191.139893,4014080000
19-12-2019,3195.209961,3198.47998,3191.139893,3191.139893,12.58,28239.2793,8580.620117,3205.370117,3720450000
20-12-2019,3192.320068,3205.47998,3192.320068,3205.370117,12.5,28376.96094,8641.290039,3221.219971,6454270000
23-12-2019,3223.330078,3225.649902,3216.030029,3221.219971,12.51,28455.08984,8678.490234,3224.01001,3060610000
24-12-2019,3226.050049,3227.780029,3222.300049,3224.01001,12.61,28551.5293,8696.009766,3223.379883,1296540000
26-12-2019,3225.449951,3226.429932,3220.51001,3223.379883,12.67,28515.44922,8699.509766,3239.909912,2160680000
27-12-2019,3227.199951,3240.080078,3227.199951,3239.909912,12.65,28621.39063,8778.30957,3240.02002,2428670000
30-12-2019,3247.22998,3247.929932,3234.370117,3240.02002,13.43,28645.25977,8770.980469,3221.290039,3013290000
31-12-2019,3240.090088,3240.919922,3216.570068,3221.290039,14.82,28462.14063,8709.730469,3230.780029,2893810000
02-01-2020,3215.179932,3231.719971,3212.030029,3230.780029,13.78,28538.43945,8733.070313,3257.850098,3458250000
03-01-2020,3244.669922,3258.139893,3235.530029,3257.850098,12.47,28868.80078,8872.219727,3234.850098,3461290000
06-01-2020,3226.360107,3246.149902,3222.340088,3234.850098,14.02,28634.88086,8793.900391,3246.280029,3674070000
07-01-2020,3217.550049,3246.840088,3214.639893,3246.280029,13.85,28703.38086,8848.519531,3237.179932,3420380000
08-01-2020,3241.860107,3244.909912,3232.429932,3237.179932,13.79,28583.67969,8846.450195,3253.050049,3720890000
09-01-2020,3238.590088,3267.070068,3236.669922,3253.050049,13.45,28745.08984,8912.370117,3274.699951,3638390000
10-01-2020,3266.030029,3275.580078,3263.669922,3274.699951,12.54,28956.90039,8989.629883,3265.350098,3212970000
13-01-2020,3281.810059,3282.98999,3260.860107,3265.350098,12.56,28823.76953,8966.639648,3288.129883,3456380000
14-01-2020,3271.129883,3288.129883,3268.429932,3288.129883,12.32,28907.05078,9070.650391,3283.149902,3665130000
15-01-2020,3285.350098,3294.25,3277.189941,3283.149902,12.39,28939.66992,9033.419922,3289.290039,3716840000
16-01-2020,3282.27002,3298.659912,3280.689941,3289.290039,12.42,29030.2207,9035.669922,3316.810059,3535080000
17-01-2020,3302.969971,3317.110107,3302.820068,3316.810059,12.32,29297.64063,9125,3329.620117,3698170000
21-01-2020,3323.659912,3329.879883,3318.860107,3329.620117,12.1,29348.09961,9173.730469,3320.790039,4105340000
22-01-2020,3321.030029,3329.790039,3316.610107,3320.790039,12.85,29196.03906,9166.629883,3321.75,3619850000
23-01-2020,3330.02002,3337.77002,3320.040039,3321.75,12.91,29186.26953,9188.580078,3325.540039,3764860000
24-01-2020,3315.77002,3326.879883,3301.870117,3325.540039,12.98,29160.08984,9216.980469,3295.469971,3707130000
27-01-2020,3333.100098,3333.179932,3281.530029,3295.469971,14.56,28989.73047,9141.469727,3243.629883,3823100000
28-01-2020,3247.159912,3258.850098,3234.5,3243.629883,18.23,28535.80078,8952.179688,3276.23999,3526720000
29-01-2020,3255.350098,3285.780029,3253.219971,3276.23999,16.280001,28722.84961,9090.929688,3273.399902,3584500000
30-01-2020,3289.459961,3293.469971,3271.889893,3273.399902,16.389999,28734.44922,9101.610352,3283.659912,3787250000
31-01-2020,3256.449951,3285.909912,3242.800049,3283.659912,15.49,28859.43945,9136.089844,3225.52002,4527830000
03-02-2020,3282.330078,3282.330078,3214.679932,3225.52002,18.84,28256.0293,8991.509766,3248.919922,3757910000
04-02-2020,3235.659912,3268.439941,3235.659912,3248.919922,17.969999,28399.81055,9126.230469,3297.590088,3995320000
05-02-2020,3280.610107,3306.919922,3280.610107,3297.590088,16.049999,28807.63086,9334.05957,3334.689941,4117730000
06-02-2020,3324.909912,3337.580078,3313.75,3334.689941,15.15,29290.84961,9367.480469,3345.780029,3868370000
07-02-2020,3344.919922,3347.959961,3334.389893,3345.780029,14.96,29379.76953,9445.919922,3327.709961,3730650000
10-02-2020,3335.540039,3341.419922,3322.120117,3327.709961,15.47,29102.50977,9401.099609,3352.090088,3450350000
11-02-2020,3318.280029,3352.26001,3317.77002,3352.090088,15.04,29276.82031,9516.839844,3357.75,3760550000
12-02-2020,3365.870117,3375.629883,3352.719971,3357.75,15.18,29276.33984,9517.860352,3379.449951,3926380000
13-02-2020,3370.5,3381.469971,3369.719971,3379.449951,13.74,29551.41992,9613.200195,3373.939941,3498240000
14-02-2020,3365.899902,3385.090088,3360.52002,3373.939941,14.15,29423.31055,9595.700195,3380.159912,3398040000
18-02-2020,3378.080078,3380.689941,3366.149902,3380.159912,13.68,29398.08008,9623.580078,3370.290039,3746720000
19-02-2020,3369.040039,3375.01001,3355.610107,3370.290039,14.83,29232.18945,9629.799805,3386.149902,3600150000
20-02-2020,3380.389893,3393.52002,3378.830078,3386.149902,14.38,29348.0293,9718.730469,3373.22998,4007320000
21-02-2020,3380.449951,3389.149902,3341.02002,3373.22998,15.56,29219.98047,9627.830078,3337.75,3899270000
24-02-2020,3360.5,3360.76001,3328.449951,3337.75,17.08,28992.41016,9446.69043,3225.889893,4842960000
25-02-2020,3257.610107,3259.810059,3214.649902,3225.889893,25.030001,27960.80078,9079.629883,3128.209961,5591510000
26-02-2020,3238.939941,3246.98999,3118.77002,3128.209961,27.85,27081.35938,8834.870117,3116.389893,5478110000
27-02-2020,3139.899902,3182.51001,3108.98999,3116.389893,27.559999,26957.58984,8873.759766,2978.76001,7058840000
28-02-2020,3062.540039,3097.070068,2977.389893,2978.76001,39.16,25766.64063,8436.669922,2954.219971,8563850000
02-03-2020,2916.899902,2959.719971,2855.840088,2954.219971,40.110001,25409.35938,8461.830078,3090.22998,6376400000
03-03-2020,2974.280029,3090.959961,2945.189941,3090.22998,33.419998,26703.32031,8877.980469,3003.370117,6355940000
04-03-2020,3096.459961,3136.719971,2976.629883,3003.370117,36.82,25917.41016,8594.490234,3130.120117,5035480000
05-03-2020,3045.75,3130.969971,3034.379883,3130.120117,31.99,27090.85938,8949.280273,3023.939941,5575550000
06-03-2020,3075.699951,3083.040039,2999.830078,3023.939941,39.619999,26121.2793,8671.660156,2972.370117,6552140000
09-03-2020,2954.199951,2985.929932,2901.540039,2972.370117,41.939999,25864.7793,8530.339844,2746.560059,8423050000
10-03-2020,2863.889893,2863.889893,2734.429932,2746.560059,54.459999,23851.01953,7948.029785,2882.22998,7635960000
11-03-2020,2813.47998,2882.590088,2734,2882.22998,47.299999,25018.16016,8372.269531,2741.379883,7374110000
12-03-2020,2825.600098,2825.600098,2707.219971,2741.379883,53.900002,23553.2207,8006.120117,2480.639893,8829380000
13-03-2020,2630.860107,2660.949951,2478.860107,2480.639893,75.470001,21200.61914,7263.649902,2711.02002,8258670000
16-03-2020,2569.98999,2711.330078,2492.370117,2711.02002,57.830002,23185.61914,7995.259766,2386.129883,7781540000
17-03-2020,2508.590088,2562.97998,2380.939941,2386.129883,82.690002,20188.51953,7020.379883,2529.189941,8358500000
18-03-2020,2425.659912,2553.929932,2367.040039,2529.189941,75.910004,21237.38086,7473.950195,2398.100098,8755780000
19-03-2020,2436.5,2453.570068,2280.52002,2398.100098,76.449997,19898.91992,7175.180176,2409.389893,7946710000
20-03-2020,2393.47998,2466.969971,2319.780029,2409.389893,72,20087.18945,7288.52002,2304.919922,9044690000
23-03-2020,2431.939941,2453.01001,2295.560059,2304.919922,66.040001,19173.98047,6994.290039,2237.399902,7402180000
24-03-2020,2290.709961,2300.72998,2191.860107,2237.399902,61.59,18591.92969,7006.919922,2447.330078,7547350000
25-03-2020,2344.439941,2449.709961,2344.439941,2447.330078,61.669998,20704.91016,7553.830078,2475.560059,8285670000
26-03-2020,2457.77002,2571.419922,2407.530029,2475.560059,63.950001,21200.55078,7469.620117,2630.070068,7753160000
27-03-2020,2501.290039,2637.01001,2500.719971,2630.070068,61,22552.16992,7897.129883,2541.469971,6194330000
30-03-2020,2555.870117,2615.909912,2520.02002,2541.469971,65.540001,21636.7793,7588.370117,2626.649902,5746220000
31-03-2020,2558.97998,2631.800049,2545.280029,2626.649902,57.080002,22327.48047,7889.009766,2584.590088,6568290000
01-04-2020,2614.689941,2641.389893,2571.149902,2584.590088,53.540001,21917.16016,7813.5,2470.5,5947900000
02-04-2020,2498.080078,2522.75,2447.48999,2470.5,57.060001,20943.50977,7486.290039,2526.899902,6454990000
03-04-2020,2458.540039,2533.219971,2455.790039,2526.899902,50.91,21413.43945,7635.660156,2488.649902,6087190000
06-04-2020,2514.919922,2538.179932,2459.959961,2488.649902,46.799999,21052.5293,7528.109863,2663.679932,6391860000
07-04-2020,2578.280029,2676.850098,2574.570068,2663.679932,45.240002,22679.99023,8081.660156,2659.409912,7040720000
08-04-2020,2738.649902,2756.889893,2657.669922,2659.409912,46.700001,22653.85938,8049.310059,2749.97998,5856370000
09-04-2020,2685,2760.75,2663.300049,2749.97998,43.349998,23433.57031,8229.540039,2789.820068,7880140000
13-04-2020,2776.98999,2818.570068,2762.360107,2789.820068,41.669998,23719.36914,8238.530273,2761.629883,5274310000
14-04-2020,2782.459961,2782.459961,2721.169922,2761.629883,41.169998,23390.76953,8332.740234,2846.060059,5567400000
15-04-2020,2805.100098,2851.850098,2805.100098,2846.060059,37.759998,23949.75977,8692.160156,2783.360107,5203390000
16-04-2020,2795.639893,2801.879883,2761.540039,2783.360107,40.84,23504.34961,8591.959961,2799.550049,5179990000
17-04-2020,2799.340088,2806.51001,2764.320068,2799.550049,40.110001,23537.67969,8757.830078,2874.560059,5792140000
20-04-2020,2842.429932,2879.219971,2830.879883,2874.560059,38.150002,24242.49023,8832.410156,2823.159912,5220160000
21-04-2020,2845.620117,2868.97998,2820.429932,2823.159912,43.830002,23650.43945,8726.509766,2736.560059,5075830000
22-04-2020,2784.810059,2785.540039,2727.100098,2736.560059,45.41,23018.88086,8403,2799.310059,5049660000
23-04-2020,2787.889893,2815.100098,2775.949951,2799.310059,41.98,23475.82031,8664.639648,2797.800049,5756520000
24-04-2020,2810.419922,2844.899902,2794.26001,2797.800049,41.380001,23515.25977,8641.5,2836.73999,5374480000
27-04-2020,2812.639893,2842.709961,2791.76001,2836.73999,35.93,23775.26953,8786.599609,2878.47998,5194260000
28-04-2020,2854.649902,2887.719971,2852.889893,2878.47998,33.290001,24133.7793,8837.660156,2863.389893,5672880000
29-04-2020,2909.959961,2921.149902,2860.709961,2863.389893,33.57,24101.55078,8677.599609,2939.51001,6620140000
30-04-2020,2918.459961,2954.860107,2912.159912,2939.51001,31.23,24633.85938,8982.759766,2912.429932,6523120000
01-05-2020,2930.909912,2930.909912,2892.469971,2912.429932,34.150002,24345.7207,9000.509766,2830.709961,4753160000
04-05-2020,2869.090088,2869.090088,2821.610107,2830.709961,37.189999,23723.68945,8718.179688,2842.73999,4723140000
05-05-2020,2815.01001,2844.23999,2797.850098,2842.73999,35.970001,23749.75977,8834.110352,2868.439941,5129590000
06-05-2020,2868.879883,2898.22998,2863.550049,2868.439941,33.610001,23883.08984,8930.620117,2848.419922,4861920000
07-05-2020,2883.139893,2891.110107,2847.649902,2848.419922,34.119999,23664.64063,8984.860352,2881.189941,5164640000
08-05-2020,2878.26001,2901.919922,2876.47998,2881.189941,31.440001,23875.89063,9101.879883,2929.800049,4857160000
11-05-2020,2908.830078,2932.159912,2902.879883,2929.800049,27.98,24331.32031,9220.349609,2930.189941,4807320000
12-05-2020,2915.459961,2944.25,2903.439941,2930.189941,27.57,24221.99023,9298.919922,2870.120117,5107710000
13-05-2020,2939.5,2945.820068,2869.590088,2870.120117,33.040001,23764.7793,9112.450195,2820,6143130000
14-05-2020,2865.860107,2874.139893,2793.149902,2820,35.279999,23247.9707,9000.080078,2852.5,5641920000
15-05-2020,2794.540039,2852.800049,2766.639893,2852.5,32.610001,23625.33984,9094.419922,2863.699951,5477040000
18-05-2020,2829.949951,2865.01001,2816.780029,2863.699951,31.889999,23685.41992,9152.639648,2953.909912,6364290000
19-05-2020,2913.860107,2968.090088,2913.860107,2953.909912,29.299999,24597.36914,9331.929688,2922.939941,4969330000
20-05-2020,2948.590088,2964.209961,2922.350098,2922.939941,30.530001,24206.85938,9298.540039,2971.610107,4992970000
21-05-2020,2953.629883,2980.290039,2953.629883,2971.610107,27.99,24575.90039,9485.019531,2948.51001,4966940000
22-05-2020,2969.949951,2978.5,2938.570068,2948.51001,29.530001,24474.11914,9377.990234,2955.449951,3952800000
26-05-2020,2948.050049,2956.76001,2933.590088,2955.449951,28.16,24465.16016,9413.990234,2991.77002,5837060000
27-05-2020,3004.080078,3021.719971,2988.169922,2991.77002,28.01,24995.10938,9389.980469,3036.129883,6371230000
28-05-2020,3015.649902,3036.25,2969.75,3036.129883,27.620001,25548.26953,9442.049805,3029.72998,5402670000
29-05-2020,3046.610107,3068.669922,3023.399902,3029.72998,28.59,25400.64063,9416.709961,3044.310059,7275080000
01-06-2020,3025.169922,3049.169922,2998.610107,3044.310059,27.51,25383.10938,9555.530273,3055.72998,4673410000
02-06-2020,3038.780029,3062.179932,3031.540039,3055.72998,28.23,25475.01953,9598.889648,3080.820068,5187230000
03-06-2020,3064.780029,3081.070068,3051.639893,3080.820068,26.84,25742.65039,9657.30957,3122.870117,5989560000
04-06-2020,3098.899902,3130.939941,3098.899902,3122.870117,25.66,26269.89063,9704.69043,3112.350098,6428130000
05-06-2020,3111.560059,3128.909912,3090.409912,3112.350098,25.809999,26281.82031,9629.660156,3193.929932,8617590000
08-06-2020,3163.840088,3211.719971,3163.840088,3193.929932,24.52,27110.98047,9824.389648,3232.389893,8437380000
09-06-2020,3199.919922,3233.129883,3196,3232.389893,25.809999,27572.43945,9901.519531,3207.179932,6382620000
10-06-2020,3213.320068,3222.709961,3193.110107,3207.179932,27.57,27272.30078,9967.169922,3190.139893,6570840000
11-06-2020,3213.419922,3223.27002,3181.48999,3190.139893,27.57,26989.99023,10094.25977,3002.100098,7018890000
12-06-2020,3123.530029,3123.530029,2999.48999,3002.100098,40.790001,25128.16992,9588.480469,3041.310059,5832250000
15-06-2020,3071.040039,3088.419922,2984.469971,3041.310059,36.09,25605.53906,9663.780273,3066.590088,5740660000
16-06-2020,2993.76001,3079.76001,2965.659912,3066.590088,34.400002,25763.16016,9776.889648,3124.73999,5829240000
17-06-2020,3131,3153.449951,3076.060059,3124.73999,33.669998,26289.98047,9949.370117,3113.48999,4549390000
18-06-2020,3136.129883,3141.159912,3108.030029,3113.48999,33.470001,26119.60938,9982.480469,3115.340088,4429030000
19-06-2020,3101.639893,3120,3093.51001,3115.340088,32.939999,26080.09961,10012.04981,3097.73999,8327780000
22-06-2020,3140.290039,3155.530029,3083.110107,3097.73999,35.119999,25871.46094,10008.63965,3117.860107,4665380000
23-06-2020,3094.419922,3120.919922,3079.389893,3117.860107,31.77,26024.96094,10130.33008,3131.290039,4704830000
24-06-2020,3138.699951,3154.899902,3127.120117,3131.290039,31.370001,26156.09961,10209.82031,3050.330078,5587200000
25-06-2020,3114.399902,3115.01001,3032.129883,3050.330078,33.84,25445.93945,10002.7002,3083.76001,4815420000
26-06-2020,3046.600098,3086.25,3024.01001,3083.76001,32.220001,25745.59961,10101.83008,3009.050049,8098120000
29-06-2020,3073.199951,3073.72998,3004.629883,3009.050049,34.73,25015.55078,9849.360352,3053.23999,4462770000
30-06-2020,3018.590088,3053.889893,2999.73999,3053.23999,31.780001,25595.80078,9961.160156,3100.290039,4696280000
01-07-2020,3050.199951,3111.51001,3047.830078,3100.290039,30.43,25812.88086,10156.84961,3115.860107,4443130000
02-07-2020,3105.919922,3128.439941,3101.169922,3115.860107,28.620001,25734.9707,10279.25,3130.01001,4190830000
06-07-2020,3143.639893,3165.810059,3124.52002,3130.01001,27.68,25827.35938,10341.88965,3179.719971,4736450000
07-07-2020,3155.290039,3182.590088,3155.290039,3179.719971,27.940001,26287.0293,10604.05957,3145.320068,4563700000
08-07-2020,3166.439941,3184.149902,3142.929932,3145.320068,29.43,25890.17969,10524.00977,3169.939941,4927700000
09-07-2020,3153.070068,3171.800049,3136.530029,3169.939941,28.08,26067.2793,10666.7002,3152.050049,4829020000
10-07-2020,3176.169922,3179.780029,3115.699951,3152.050049,29.26,25706.08984,10754.58984,3185.040039,4515340000
13-07-2020,3152.469971,3186.820068,3136.219971,3185.040039,27.290001,26075.30078,10836.33008,3155.219971,4890780000
14-07-2020,3205.080078,3235.320068,3149.429932,3155.219971,32.189999,26085.80078,10602.20996,3197.52002,4476170000
15-07-2020,3141.110107,3200.949951,3127.659912,3197.52002,29.52,26642.58984,10689.51953,3226.560059,4669760000
16-07-2020,3225.97998,3238.280029,3200.76001,3226.560059,27.76,26870.09961,10701.67969,3215.570068,3961230000
17-07-2020,3208.360107,3220.389893,3198.590088,3215.570068,28,26734.71094,10626.45996,3224.72998,3993830000
